"x","y","m","ub","lb","ubb","lbb"
-3,-1.20889666900933,-1.20763131751522,-1.20203886241674,-1.21301858745964,-1.19975455550992,-1.21461589090832
-2.96778429670202,-1.13205401639688,-1.13315052029357,-1.1289544409261,-1.137507597735,-1.12811799174278,-1.13890824172058
-2.9359165640364,-1.05598569553474,-1.05650317061123,-1.05238965349803,-1.06050032875773,-1.05101600943964,-1.06151211991882
-2.90378541465359,-0.979806638693049,-0.979469415889739,-0.975743696372704,-0.983072371437907,-0.974694889557163,-0.98483994026394
-2.87192398733128,-0.904342540441023,-0.904216323086571,-0.900718723398468,-0.908093626343829,-0.899750850951224,-0.909117205399529
-2.83983170704149,-0.828887468417269,-0.828981408358699,-0.825334216473907,-0.832737975507116,-0.824495155953293,-0.833713173952466
-2.80771138743188,-0.753783758063139,-0.753846230933841,-0.750181279890962,-0.757474667658793,-0.749394227923414,-0.758521115092138
-2.77572598570574,-0.679325441177386,-0.679367454358639,-0.67567128770123,-0.682737927934761,-0.674287736045153,-0.683769155946027
-2.74376346679408,-0.605387166627776,-0.605418518625475,-0.60216203370711,-0.608413723046998,-0.600994854998189,-0.609486031345334
-2.71152719940022,-0.531578332885021,-0.531494227838236,-0.528060628450716,-0.53484636730359,-0.526553705781587,-0.535491715733857
-2.67964596718233,-0.458902211501128,-0.458970724904238,-0.455457651684392,-0.462428034548725,-0.454378270453802,-0.46334503690258
-2.64762450499948,-0.386668857067137,-0.386603748957506,-0.383155985341018,-0.389990880124669,-0.382201021347323,-0.390751117352721
-2.61546738450575,-0.314950636454004,-0.314683406685267,-0.311146685838435,-0.318175219579428,-0.310347200123298,-0.319574834461035
-2.58352592089978,-0.244337591112968,-0.244178769717473,-0.2407729025061,-0.247553744626212,-0.240062593758036,-0.24840048276743
-2.55144826079842,-0.174369728951974,-0.174349824483992,-0.170660405665411,-0.177549329808617,-0.169957361417027,-0.178277024085569
-2.51941821317083,-0.105383221802911,-0.105596918196633,-0.10203615226561,-0.109301509787457,-0.101123260116874,-0.110001702828189
-2.48731560378284,-0.0372726303927859,-0.0376088807312676,-0.0343057103568538,-0.0412004980558669,-0.0335034523805839,-0.0422595055081059
-2.45531197769732,0.0296426134651817,0.0295171385784785,0.0327407622515241,0.0261818976802755,0.0338235481413112,0.0253083598492565
-2.423313194799,0.095431789088398,0.0956753767921359,0.0989063638706469,0.0927679110220234,0.100073405533695,0.0920737544007892
-2.39126008093121,0.160121625329778,0.160333818834629,0.164003877361919,0.15726574684522,0.164956979753287,0.156664948297984
-2.35922052265514,0.223543752039599,0.22353067895945,0.226977937335227,0.220588779061487,0.228215702882978,0.219259542943016
-2.3271635458286,0.285673431365447,0.28559987863375,0.288891338452372,0.282208508992542,0.290330215438518,0.280863250858708
-2.2950777087766,0.346461286076597,0.34641383439879,0.349527547597657,0.342910395171474,0.350901462390431,0.342127088386354
-2.26304604621685,0.405712535710298,0.405658757625771,0.408935910385929,0.402573267655875,0.410393842855571,0.401627145772734
-2.23099212905623,0.463465109411404,0.463457912543292,0.466831394168093,0.460264263745399,0.468501622091218,0.459024623018917
-2.19893947015214,0.519602409017707,0.519662048866232,0.522881803269905,0.516757250435482,0.524277561016839,0.515524907056894
-2.16691666582166,0.573995285515629,0.57423081325233,0.577623410855192,0.571033384614987,0.578607911122677,0.570559385883611
-2.13489602535887,0.626579428864824,0.627066416040152,0.630317636767202,0.623656592854002,0.632259330528492,0.622929314995912
-2.10286795661791,0.677239795589389,0.677611797064932,0.680703832697131,0.673984224258804,0.681810316286763,0.672950153068601
-2.07078549626261,0.725898051221501,0.725898497854181,0.728904116839483,0.722191679306494,0.730735192184704,0.721489656234331
-2.03876880295534,0.772176192266003,0.772044617745057,0.775106331862277,0.768291675464786,0.775918506535068,0.767363721371702
-2.00674016856326,0.815973182177539,0.815838764111378,0.819345466325481,0.812148837679063,0.820065918117163,0.810174754807366
-1.97469413473523,0.857083201804938,0.85701149460681,0.860386301116485,0.853489595321867,0.861361896603716,0.851894567222036
-1.94263823701496,0.895254865927406,0.895339039308492,0.898679331570069,0.892011269781416,0.899599561134411,0.89048138023333
-1.91058948901646,0.930237455771805,0.930377538104727,0.933875667533601,0.926705144926487,0.934748392117813,0.925706818521309
-1.87857148163204,0.961771108566483,0.961863538413972,0.965951020138782,0.958401974833239,0.966735143635328,0.957110353182055
-1.84652050997808,0.98972751583286,0.989845002208249,0.99328417744007,0.986427918951102,0.994163315143188,0.985560174580703
-1.81448617578146,1.01382802476809,1.01417861346099,1.01772046124977,1.01078582046104,1.01822079239399,1.00998617723134
-1.78243710033057,1.03437892539563,1.03489128191056,1.03841253949071,1.03151632472315,1.0391253011193,1.03040607086982
-1.75038589765542,1.05194281514828,1.05179714556403,1.05525073425575,1.04802010893994,1.0559703539368,1.04729327399332
-1.71835314213249,1.06460945150588,1.06455966549481,1.06822891137571,1.06069711839403,1.06946680041397,1.06006469851102
-1.68630147043969,1.0739295488585,1.07331454317196,1.07745706180137,1.06977389001467,1.07875985566606,1.06905235494053
-1.65427348722582,1.07857275175264,1.07880384012648,1.08254406619947,1.07481768231602,1.08365151055358,1.07421130641104
-1.62222036371202,1.08281776163492,1.08267530664331,1.08619994630021,1.07879257271947,1.08763112561343,1.07767300872539
-1.59018518310702,1.08652034722002,1.08672662450186,1.09029860791142,1.08292415666649,1.09133568614313,1.08176604348887
-1.55814782422671,1.09280195763527,1.09261649538665,1.09679743617249,1.08852921190355,1.09842697106924,1.08701497859752
-1.52610447441903,1.10191868868411,1.10171432537919,1.10634146192668,1.09723534640585,1.10766122785912,1.09603648635436
-1.49406357543345,1.11541661077166,1.11519113090109,1.12007040982885,1.11044400125763,1.12129025079048,1.10925117666662
-1.46201728855498,1.13364647765022,1.13454301811144,1.13932674770322,1.13001166886696,1.14071205086263,1.12850012310041
-1.42998273435848,1.15842658879005,1.15991265440434,1.16508853131292,1.15437656484814,1.16715519639708,1.15299718092513
-1.39794000867204,1.18824415286749,1.18727785153538,1.19234684191873,1.18238344154329,1.19390855039499,1.18091772052445
-1.38643300122872,1.19848118638749,1.19622127812508,1.20146959497762,1.19149735848743,1.20273128330077,1.18953529724456
-1.37522302862101,1.20603825173241,1.20401642798812,1.20907480243616,1.19896247127213,1.21118661446632,1.19699962616802
-1.36430518910808,1.21106784653064,1.2105425189358,1.21582553720832,1.20484636144299,1.21727401195125,1.20339734211408
-1.35364529397924,1.21437619564067,1.21587277381047,1.22127340777581,1.2101356142959,1.22268126830211,1.20814695414297
-1.34324079312252,1.21722564163994,1.22006697960505,1.22590628661441,1.21410296868059,1.22701135496045,1.21203728507004
-1.33307973464051,1.22023698314619,1.22318513309608,1.22882279162021,1.21750347312019,1.23109025404938,1.21530535615049
-1.32315098647328,1.22321423088377,1.22529962594601,1.23102765127537,1.21929525407074,1.23393508087049,1.21776650001164
-1.31344416308943,1.2256148227794,1.22642467325836,1.2322604955358,1.22053491841228,1.23491558150017,1.2182444028077
-1.30395830475792,1.22687575388512,1.2265648749514,1.23241844863797,1.2211081291099,1.23467491550189,1.21868741159646
-1.29466665587824,1.22664716747734,1.22565611844571,1.23137428186438,1.22037828007206,1.23278844544877,1.21862016748347
-1.28556964314621,1.22494055480711,1.22370266288502,1.22955019172269,1.21869244188463,1.23062517752715,1.21716064397819
-1.27665927933422,1.22216570529196,1.22079169740283,1.22664862901955,1.21580933856131,1.22789472761531,1.21388940341599
-1.26792805900013,1.21851515270787,1.21701255773111,1.22245226627427,1.21180531758815,1.22433041435611,1.21041258202953
-1.25936892050167,1.21398512038364,1.21249649760768,1.21754379087998,1.20727891675446,1.21968572201348,1.20647464354535
-1.25098295208209,1.20865426826142,1.20744855599371,1.21230196743183,1.20246249752641,1.2143137868302,1.20089561267397
-1.2427482538279,1.20278032482202,1.20209468070182,1.20693476531861,1.19729671589071,1.20917185051731,1.19588504318997
-1.23466679340549,1.19663683366979,1.19671479108296,1.20149889063853,1.19191152486249,1.20326178291783,1.19084755950681
-1.22673297170539,1.19060491419658,1.19154099995507,1.19618703742372,1.18690053245245,1.1976046814615,1.18608855190268
-1.21894149099658,1.18528961410691,1.18680416790187,1.19116359958436,1.18226485028668,1.19297948149176,1.18142336944694
-1.21128733367774,1.18123188862577,1.18266982547008,1.18675077184446,1.17832228685636,1.1888137655173,1.1773240304189
-1.20377268597056,1.17838610294743,1.17927301430257,1.18346069938331,1.17503323921475,1.18485730112861,1.17395354089346
-1.1963790305553,1.17644914606491,1.17668682574209,1.18082093946202,1.17215267274195,1.18218760549432,1.17098620380702
-1.18910914440686,1.17505991201388,1.17496623125146,1.17897131815652,1.17047982027743,1.18012625715048,1.1691600169306
-1.18195895188017,1.17407859208951,1.17411936425854,1.17808872168952,1.16992137724423,1.17877861957862,1.1679414958389
-1.17492457538632,1.17380641528807,1.17412094621188,1.17787678077121,1.17000293224381,1.17911589581295,1.16815620671792
-1.16800871701733,1.17467236501772,1.17490526080924,1.17850631831232,1.17082178103492,1.17962991669448,1.16922330745983
-1.16119497035825,1.1765479076633,1.17639754041908,1.18018259399599,1.17250792540558,1.18102048656605,1.17099222400728
-1.15448647693111,1.17886810414937,1.17847757716566,1.18197769697254,1.17481703591568,1.18344874875965,1.17338641259046
-1.14788003440706,1.18113038251882,1.18105926481108,1.18454390791344,1.17746715632958,1.18622106458551,1.17603928993425
-1.14137258441628,1.18344777614348,1.18404728002346,1.18766159427305,1.18004892132452,1.18888445466837,1.1789693348144
-1.13496120404636,1.18627922848007,1.18732974017109,1.19089523529838,1.18345562495505,1.19218443794567,1.1819777523489
-1.12864893819434,1.18993718347419,1.19081845252769,1.19448200166766,1.18702642397122,1.19555897746463,1.18564327343193
-1.12242134816023,1.19405284239726,1.1943971666032,1.19794648129297,1.19038547152294,1.19901634192037,1.18942095372319
-1.11628179803604,1.19816183515248,1.19795608490319,1.20149604886786,1.19390154874225,1.20256449861081,1.19281308549039
-1.11022783322855,1.20196808952214,1.20138108857876,1.20517750701419,1.19752526837257,1.20597601528109,1.19644647229276
-1.10425710038758,1.20536120403408,1.20458048066006,1.20834892910882,1.201000637857,1.20931696141447,1.19993233762831
-1.09836734191354,1.2082871227001,1.20749297722868,1.21116210707332,1.20391350211895,1.21216843395778,1.20342671366636
-1.09256176539836,1.21077347267519,1.21005937303102,1.21361169060284,1.20689038020465,1.21430705583036,1.20582479359561
-1.0868274700781,1.2128752874442,1.21224860043617,1.21570050115171,1.20896750326641,1.21624321800855,1.20820856387674
-1.08116790307077,1.21461001771464,1.21405612736088,1.2172152684376,1.21080602151597,1.21819379589468,1.2101298451289
-1.07558114171327,1.21588495260052,1.21548678174201,1.21850293765191,1.2124582476316,1.21971499692192,1.21151667491562
-1.07006533660248,1.21653054491188,1.2165482652184,1.21956771450307,1.2135777790576,1.22047540653519,1.21263708346386
-1.06462374762993,1.21650022571723,1.21724560797349,1.22020635491061,1.21432881141706,1.22120770854268,1.21342229832236
-1.05924451965725,1.21608891302509,1.21758809748544,1.22050854953155,1.21441952350582,1.22109950288765,1.21360601345277
-1.05393110515915,1.21570832208469,1.21758936984953,1.22049624155775,1.21443339792265,1.22104068115265,1.21363336695552
-1.04868191315925,1.21569568610423,1.21726417236382,1.22000940674226,1.21435334076451,1.22090610979181,1.21368329075829
-1.0434954096833,1.21590690013385,1.21661226880664,1.21931267656754,1.21378054112529,1.22041680028031,1.21311429309533
-1.03837011506828,1.21589659824728,1.2156441622711,1.21818858825783,1.21287678725179,1.21935795561614,1.21212541996799
-1.03330929054734,1.21533362414455,1.21438720693233,1.21703933066923,1.21165233399632,1.21815554136612,1.2108760450243
-1.02830212563372,1.21420037148798,1.21286394476791,1.21568648603043,1.21000699866595,1.21655670448835,1.20938941076567
-1.02335203305773,1.2125092888924,1.21109099654367,1.21409238032323,1.20830063787634,1.21466400079772,1.20744675547493
-1.01845772643168,1.21045176698891,1.20913539324287,1.21209044260965,1.20649151940262,1.21268152297969,1.2054343607023
-1.01361796237566,1.20839200968158,1.20703606425506,1.20973010877932,1.20439780902093,1.21064646976116,1.20355114366845
-1.00883153862144,1.20667450463602,1.2048598631444,1.20750349764765,1.20218828783918,1.20857640759715,1.20157630550225
-1.00410167635356,1.2049813534147,1.20269498481997,1.20531205552009,1.20009755546509,1.20670307540159,1.19945019608846
-0.999418434955866,1.20266513253908,1.20061866118003,1.20330177015396,1.19805026689457,1.20421043654119,1.1974869322186
-0.99478515727353,1.19935106274214,1.19868759736536,1.2014885943038,1.19609900673149,1.20191036232422,1.19550380914801
-0.990200788462757,1.19573697862815,1.19699131238177,1.19970320676,1.19445679268188,1.20023223280167,1.19370233564413
-0.985664306736207,1.19294112063434,1.19557437973812,1.19817100317098,1.19299319497341,1.19876760856279,1.19214006500901
-0.981174721996049,1.19177893595621,1.19449702524002,1.19707904150509,1.19194942418971,1.19773196876752,1.19112046244809
-0.976735190935752,1.19183778227638,1.19377586339985,1.19628104739686,1.19106857717802,1.19692065212549,1.19037953495918
-0.972336508731838,1.19236714372012,1.19342892805024,1.19602640901165,1.1907976230765,1.19659328878541,1.1901796147791
-0.967981931539846,1.19289737460996,1.1934458897946,1.19599701817714,1.19086776128578,1.1966719602548,1.19031403397168
-0.963670583662626,1.19341752814768,1.19380688815396,1.19632119616394,1.1914848144345,1.1970290521973,1.19056958952249
-0.959401615227089,1.19396600489947,1.19448309548722,1.19692260586692,1.19221843271103,1.1976560653812,1.19121081210193
-0.955178118240915,1.19461759696268,1.19543399446714,1.19785379775037,1.19322680508282,1.19852460177522,1.19241813035168
-0.95099141980682,1.19547920198619,1.19661237956885,1.19893929267292,1.19444129647233,1.19949575435734,1.19371747596022
-0.946844697038121,1.19665252220736,1.19795914772426,1.20020946142224,1.19578613844174,1.20074110501349,1.19537941683695
-0.942737193753622,1.19827185881703,1.19941567868762,1.20169709968537,1.19729312829814,1.20217265140996,1.19701856417854
-0.938668175027183,1.20044146816819,1.20093564053981,1.20315220341802,1.19886346861924,1.20362937105862,1.19847950237738
-0.934636926398511,1.2031215874027,1.20245740342694,1.20468906087503,1.20039517764204,1.20514407945991,1.19992502771752
-0.930646455056327,1.20586362809808,1.20392870651772,1.20601641618234,1.20189149209202,1.20677152935457,1.2014123354599
-0.92668864779241,1.2081390227578,1.2053168509791,1.20736083866123,1.20326387931885,1.20833594430197,1.20280646701663
-0.922766583284859,1.20956693439983,1.20658151219772,1.20873943560156,1.20449796331972,1.20964667770396,1.20415510084689
-0.918879621725408,1.21016864138125,1.20770979090928,1.20973175046115,1.20580553403762,1.21053399899812,1.2053012574606
-0.915027140332707,1.21003168126293,1.20868668536861,1.21069357284305,1.20681459625597,1.21132370598749,1.2062592646213
-0.911208532753458,1.20947113189303,1.20952182889663,1.21149074625556,1.20770057031516,1.21204974607465,1.20721311261124
-0.907426717698978,1.20907563227892,1.21021022251948,1.21202065536675,1.20841199195739,1.21269588655244,1.20793261488455
-0.903674071368303,1.20937116392288,1.21076864920345,1.21263616882067,1.20897750190605,1.21307152557714,1.20842603098456
-0.899953573269405,1.21024466285999,1.21121027910311,1.21310776950986,1.2093148423007,1.2135182272854,1.20856409831908
-0.896264677261667,1.21120725481696,1.21154338565066,1.21339069465568,1.20961990020176,1.21386152214102,1.20884390626183
-0.892606851004256,1.21181642556941,1.21178555023534,1.21360310713372,1.20983753684011,1.21412296425679,1.20910123606472
-0.888979575495085,1.2119888687372,1.21194197066124,1.21369484713035,1.20994163093175,1.21416568024463,1.20941935950733
-0.885385680185537,1.21180117961085,1.21202390582502,1.21373492521661,1.21011133932742,1.21415162156043,1.20966231316906
-0.881817973040905,1.21139284536763,1.21204086339745,1.21374063906172,1.2102228958566,1.2141015571032,1.20978354576205
-0.878279335784035,1.21101541857945,1.21199953644336,1.21365670870867,1.21028634503793,1.21400813991835,1.20982189611584
-0.87476929851481,1.2109630780492,1.21191527723025,1.21358421889499,1.21022022845376,1.21383566385868,1.20982504017627
-0.871287402635374,1.21134907317602,1.211787659425,1.21336479778337,1.21013865424833,1.2137741409146,1.20984053580629
-0.867836403949136,1.21198784424882,1.21162668610809,1.21326148907088,1.21001356311994,1.2135993611263,1.20961662055437
-0.864409433302457,1.21267693332557,1.21143569098769,1.2130965593777,1.20989277630961,1.21337092261805,1.20931157859913
-0.861009292932734,1.21312321616129,1.21123472228838,1.21280441910496,1.20961075848963,1.21323755390945,1.20907274568602
-0.857635565984799,1.21298863123368,1.21101730889518,1.21262013923201,1.20933629431117,1.21309828474109,1.20888179373768
-0.854287845243504,1.21209381324981,1.21079525088848,1.21239628609604,1.20914541388251,1.21303068044281,1.20857057451873
-0.850965732838751,1.21073001398805,1.21058447478273,1.21216693136359,1.20896835021553,1.21287135107622,1.20836811455643
-0.847671898082826,1.20946932873734,1.21040277933171,1.21199848358628,1.20873658233954,1.21260388778547,1.20818306253175
-0.844399821758948,1.20883975918431,1.21025116460028,1.21182495390338,1.20856605911042,1.21241298384504,1.20815710434515
-0.841152213788877,1.20875559349237,1.21013234175748,1.21165123182656,1.20847066512669,1.21228834502264,1.20803030320065
-0.83792871094193,1.2088649082366,1.21007554282333,1.21159445835545,1.20846459782108,1.2121156154392,1.20799268711654
-0.834728958016063,1.20895955258631,1.21006083220022,1.21170333250809,1.20841743767881,1.21206433065358,1.20808670413623
-0.831552607602986,1.20924965265202,1.21010312399134,1.21173745650397,1.20852750104876,1.21218711683623,1.20815376476569
-0.828402245260706,1.21003022975166,1.21020331513951,1.21182009104764,1.20860356806845,1.21229814198687,1.20829593262086
-0.825271666688106,1.21124618081886,1.21035672208396,1.21195167912611,1.20873775787314,1.21246258139538,1.20836307380605
-0.822163493242503,1.21222250268912,1.21056891314884,1.21210512249574,1.20906940499032,1.21264455101376,1.20850363509136
-0.819077406500539,1.21228814437828,1.21082071680107,1.21225407782714,1.20942627643916,1.21284165467038,1.20864150913468
-0.816013094779172,1.21156785201027,1.2111232525348,1.21251572435258,1.20974704164364,1.21304038402945,1.20884524409203
-0.812970252946774,1.21084374187493,1.21145855777879,1.21281738544213,1.21011204666459,1.21326015198148,1.20920234443703
-0.809951385958572,1.21083520814479,1.21183926184382,1.213183547173,1.2105073865573,1.21352528976641,1.20959891588319
-0.806950574503707,1.21141486039006,1.21225153446707,1.21362897327382,1.2109166783034,1.21386965030544,1.21014692859469
-0.803970355323355,1.21200036436542,1.21269560386948,1.21407606883807,1.2113473372666,1.21436540734855,1.21070750426618
-0.801010447724535,1.2121766423559,1.21314709440332,1.2145329242824,1.21178332356312,1.21472442915565,1.21122272582112
-0.798070576714619,1.21226648136317,1.2136229932061,1.21497983897779,1.21215939956654,1.21527529217539,1.21182734590643
-0.795153182641158,1.21279453582483,1.21410031724753,1.21545720809566,1.21267396330605,1.21576160306544,1.2124157322035
-0.792252563832994,1.21402915939148,1.21459102048457,1.21593163475007,1.21319672522537,1.21634343432976,1.21295303501763
-0.789371189568785,1.21557411640121,1.21507506159277,1.21639327013411,1.2136872407717,1.21686187865078,1.21334448788791
-0.786508806169666,1.21682451984754,1.2155503365088,1.21697007399545,1.21422964032006,1.21746907557023,1.21379993524219
-0.783665164939882,1.21753302351281,1.21600600932488,1.21744564331423,1.21468607525457,1.2179045111887,1.21425988485586
-0.780840022037129,1.21806311399278,1.21645383897197,1.21790980197158,1.21518345187331,1.21849820297675,1.21467112671201
-0.778035743413203,1.21878524414236,1.21688908571264,1.21827680562466,1.21564200340053,1.21881650296286,1.21521949205242
-0.775246867752937,1.2194763110044,1.2172955887139,1.21863128361962,1.21602172883742,1.21916595293104,1.21558913511464
-0.772475786990833,1.21963296811563,1.21770684258964,1.21905515511999,1.21644977900713,1.21956489195877,1.21603086338626
-0.769722275479132,1.21891651506649,1.21808669027922,1.21947951602708,1.21685479906828,1.21986991043456,1.21646907851253
-0.76698611183503,1.2178082787222,1.21846679524389,1.21983241505426,1.21726144617459,1.22019188419437,1.21694351566819
-0.764267078833867,1.21714822069601,1.21882121985532,1.22011947109636,1.21762428917345,1.22053236310292,1.21739417526708
-0.761567471438446,1.21745374597821,1.21920528894425,1.22044927955641,1.21801424323531,1.22083807958045,1.21782859223273
-0.758882048706595,1.21826295423887,1.21957356781891,1.22080216121987,1.21841000732678,1.22111036672654,1.21823062609848
-0.756213129063028,1.21891589141475,1.21995411992952,1.22116457695214,1.21883488829109,1.2214191506372,1.21862442331323
-0.753560510908747,1.2191814227449,1.22031653217312,1.22146406596683,1.2191901696957,1.22176092670609,1.21897365487405
-0.750923996316388,1.21954886425314,1.22070352509565,1.22181659659468,1.21960220966664,1.22210305169384,1.2194301965145
-0.748305823643639,1.22045046923052,1.22108492085262,1.22218239736954,1.21999514742572,1.22245073678329,1.21981552808179
-0.745700922091473,1.22182164116254,1.22148047358525,1.22255788149292,1.22036850079438,1.22275215286225,1.2202433374534
-0.743111551648882,1.22308680660642,1.22188312537558,1.22296630310816,1.22079446519039,1.22319094064647,1.22067030123978
-0.740537528211863,1.2236948164453,1.22228333983644,1.22340093677762,1.22120034302511,1.22367850490688,1.22107935294147
-0.737978670930657,1.2236729143105,1.22269111202763,1.22378983059041,1.2216219982617,1.22406025581746,1.22142718718611
-0.735434802133502,1.22344860327398,1.22309980317223,1.22419799202018,1.22204631012454,1.2245421348352,1.22180840377432
-0.732908095215515,1.22340295009832,1.22352227012169,1.22461499052069,1.2224656521147,1.22494655578666,1.2221778597631
-0.730393669160521,1.22358620114862,1.22393704271366,1.22497655528107,1.22287830230866,1.22526383887273,1.22263332162295
-0.727893717068235,1.22388391186294,1.22436945652857,1.22537719438084,1.22337995591852,1.22560080905346,1.22304888667056
-0.725408073257002,1.22413867656189,1.22479398018586,1.22585009912472,1.22372949551028,1.22600883456745,1.22348536839372
-0.722936574873793,1.22443213958943,1.22522188771036,1.22623039187638,1.22413845730045,1.22644645821538,1.22396068657689
-0.720479061830177,1.22490018354177,1.22565126091711,1.22669947323741,1.224609860503,1.2269380020667,1.22423977351222
-0.718037645668664,1.22560948339269,1.2260858676629,1.22703213188345,1.22508801355828,1.22740245204692,1.22463946460789
-0.715607621128023,1.22650325274042,1.22652251420636,1.22749778330729,1.22554124215735,1.22790068580896,1.22503313614536
-0.713191117776177,1.22747983737044,1.22695615614404,1.22796175275758,1.22593721723178,1.22832075779194,1.22541703051406
-0.710787985975647,1.22838790398701,1.22739200100382,1.22842671042475,1.22636828943366,1.22879422190404,1.22589662590053
-0.70839807855932,1.22903238433051,1.22783049808712,1.22891997936798,1.22676723853934,1.22930136455277,1.22627044592341
-0.706021250776373,1.22926460562906,1.22825990141673,1.2293636305101,1.22717296258077,1.2298359151975,1.22666177577986
-0.703659555281331,1.22917991547143,1.22869097361873,1.22980480814053,1.22756809604712,1.23025273002758,1.22709537937309
-0.701308450065222,1.22897944770729,1.22912882222951,1.2302357730424,1.22800818009777,1.23063460051427,1.22755519498494
-0.698970004336019,1.22885991632338,1.22956070278602,1.23068078971924,1.22840450330283,1.23112182259399,1.22793150337187
-0.696803942579511,1.22897777278288,1.22994986926657,1.23110155735123,1.22877523225872,1.23155367445947,1.22828428610559
-0.687498948160079,1.23182630875691,1.23168923747645,1.23312753164809,1.23042671929621,1.23348526009107,1.23001394649682
-0.678194516142461,1.23297661084363,1.23343169444649,1.2350212620955,1.23198810450049,1.2353019220553,1.2317774038489
-0.668888668922007,1.23561999280619,1.2352378966938,1.23668988803386,1.233835865506,1.23729836613502,1.23327157868489
-0.65958364916489,1.23709087357598,1.23711165029639,1.23851645007758,1.23569404477706,1.23900859584735,1.2352789708888
-0.650277718524377,1.23925006551071,1.2390767853425,1.24051232241651,1.23761349398311,1.24104222617892,1.23732828832322
-0.640973171572893,1.24232053880128,1.24117199874329,1.24261442416619,1.23968302891953,1.24294521815484,1.23939486908126
-0.63166847898677,1.24216870063947,1.24340858088227,1.24486135442221,1.24191480675054,1.2454325905268,1.24161706975099
-0.622362325106406,1.24660732383979,1.24586257976194,1.24733402837619,1.24441102066698,1.24784359508823,1.24384698251769
-0.613057157354032,1.24841553209452,1.24852142302079,1.24992136566815,1.24694925686024,1.25029942124721,1.24636360848518
-0.603751819322593,1.25024466811146,1.25141232812788,1.25281285433535,1.24981375167887,1.25312047163266,1.24934471870981
-0.594447044722845,1.2545043570065,1.25452403847023,1.25598206827629,1.25296652371797,1.2563180002052,1.25235866761513
-0.585141922399393,1.25807292552384,1.25781207840996,1.25920922651201,1.25633423811151,1.2596756707712,1.25578247297858
-0.575837340025117,1.26176517570265,1.26123388941441,1.26254456437034,1.25988394323565,1.26311216475413,1.25939771414541
-0.566530997176372,1.26397738916751,1.2647481534018,1.2660698872016,1.26346850003015,1.26640851570432,1.26311533155877
-0.557227141883667,1.26787209593095,1.26831465376554,1.26959602022365,1.2671038201438,1.2698842477845,1.26672470045173
-0.547922086510154,1.27467299196925,1.27191106130046,1.27309262058168,1.27072282869889,1.2735379984057,1.27038671382611
-0.538615539268551,1.2739759187847,1.27551758562778,1.27674998154447,1.27433841649149,1.27695416850088,1.27397640948716
-0.529311731739287,1.2798857821046,1.27915041578407,1.280234371611,1.27793782944106,1.28049235814495,1.27762133708928
-0.520005999786491,1.28097298097737,1.28280125879627,1.28385600670024,1.28169273129596,1.2841321211457,1.28133720194129
-0.510701193210789,1.28546301903124,1.28645592911531,1.28754854289515,1.28525962135687,1.28780637829744,1.28502860133632
-0.501395879660145,1.29329748419174,1.29013311960884,1.29116037992859,1.28898013837367,1.29148807587211,1.28871149381312
-0.492090182029719,1.2944278340573,1.29381556107873,1.29482822452929,1.2926881366345,1.29509708390721,1.29245549289304
-0.482785621826968,1.29743757153501,1.29755613618423,1.29857331195827,1.29637889122384,1.2988684790727,1.29621520892686
-0.473479804264735,1.30027511948529,1.3013801816453,1.30238936025914,1.30026917041457,1.30259186656226,1.3000694168571
-0.464174416115376,1.30624191637373,1.30534288726753,1.30633056485818,1.30430387007317,1.30652423047928,1.30408275413393
-0.454869854375164,1.30736781246921,1.30943716919963,1.31038372980343,1.30843195544966,1.31057994218879,1.30819830189594
-0.445564145798009,1.31286432514528,1.31368282015132,1.31455442434264,1.31275305275751,1.31484868636415,1.31253389957507
-0.43625912759003,1.31985580742048,1.31805712286417,1.31895603578874,1.31712208887234,1.31916950558132,1.3169580403036
-0.426954250440946,1.32198934833688,1.32253322841399,1.32342840940417,1.3216464109737,1.32364316219597,1.32137043355725
-0.417649097470036,1.3276478846339,1.32708622142486,1.32798627202255,1.32622635640103,1.32823398546577,1.32604122937293
-0.40834448651247,1.33117105567733,1.33169198483858,1.33261852886463,1.3308160513055,1.33278562530685,1.33062584608139
-0.399039077509126,1.33603190684425,1.3363342931319,1.33716385770351,1.33549979391723,1.33747632721619,1.33521173834009
-0.389733861086099,1.34106893095008,1.34098988617152,1.34177612606936,1.34018237173382,1.34211408312957,1.33990484215678
-0.380428790867,1.34597453134666,1.34564865801463,1.34642937914851,1.34481064799332,1.34667968880263,1.3446267143875
-0.371122890868729,1.35070180460097,1.35029365179792,1.35103918893131,1.34945404477376,1.35122421786279,1.34917832862854
-0.361818352419758,1.35636863945364,1.35493402573701,1.3556323107288,1.35414953047335,1.35586578909161,1.35382227163445
-0.352513359343124,1.35915079817013,1.3595705393726,1.36030784911769,1.35876473564317,1.36049332974442,1.35857342346743
-0.343208247862276,1.36330501270173,1.36423231123305,1.36490962446134,1.36346349406819,1.36519958748931,1.36328712907849
-0.333902477700472,1.36873431722757,1.36893230540658,1.36963350393439,1.36816948043708,1.36983333399214,1.36804639098493
-0.324597476451247,1.37475174450067,1.37367572006411,1.3743549206419,1.37291900406248,1.37458449420743,1.37276958602523
-0.315292844952045,1.37700632946707,1.37846876969923,1.37911011701506,1.37776026059147,1.37934409352762,1.37751282662076
-0.305987424968127,1.38322699519493,1.38332678785248,1.38395249157248,1.38267298050871,1.38421104613285,1.38243463952522
-0.296681963038307,1.38933460081488,1.38824741279068,1.38889703862532,1.3875950913547,1.38906343245749,1.38737500643441
-0.287377232199081,1.3936463370414,1.39321353510947,1.39384366682708,1.39257535154417,1.39394134438864,1.39235921801559
-0.278071556160231,1.39697302852632,1.39822238864471,1.39880622872583,1.39760799795073,1.39896082101017,1.39751363577948
-0.268766712104458,1.4038308141787,1.40327623524942,1.40383485927625,1.40268146862422,1.4039178031092,1.40253798769048
-0.259461259521927,1.40784622994587,1.40834737335926,1.4088931618779,1.40773957760336,1.40914439035666,1.40754847918788
-0.250156283240708,1.4134965058388,1.41345246957892,1.41402544342575,1.41287171317687,1.41427080956275,1.41266809620076
-0.240851353030403,1.41900364388188,1.41855779249441,1.4191494407199,1.41796748409285,1.41933548847708,1.41776936072737
-0.231546161560453,1.42445279949598,1.42363358801608,1.42423331776267,1.4230281249249,1.42441718143533,1.42287102999584
-0.222240515121709,1.42785988336608,1.42868259440618,1.42926120138771,1.42811763308494,1.42944130640178,1.42791068680688
-0.212935743059131,1.43405237819077,1.43369975646885,1.43423349089512,1.43312157210906,1.43441831300932,1.43292863365834
-0.203630374567415,1.43747801259408,1.43867289789187,1.4391947007709,1.4381215825003,1.43938436813962,1.4379247238386
-0.194325187033089,1.44384446393439,1.44361494921669,1.44412894153765,1.44307564901102,1.44430797554248,1.44289278948264
-0.185020316239243,1.44829233375938,1.44850088503502,1.44900300236968,1.44797332924335,1.44917180773016,1.44779894697956
-0.175715322791271,1.45370513057734,1.45333735587651,1.45382727523445,1.45283033816714,1.45396536059502,1.45273345591089
-0.166409891391558,1.45937189625767,1.45811781808307,1.45857946353174,1.45762126014095,1.45871628775475,1.45745527156747
-0.157104445066095,1.46287242543253,1.46284801264241,1.46331553701913,1.46238427786053,1.46338762321258,1.46217020482402
-0.147799459838453,1.46707746518273,1.46753371767182,1.46800715063432,1.46704874460658,1.4681386925314,1.46684236748616
-0.138494264276233,1.47206660377587,1.47216902358208,1.47261846920348,1.47166478250373,1.47280431663901,1.4715318780071
-0.129188915094239,1.47620947799478,1.4767403612846,1.47720816432944,1.47624929864828,1.47729308170089,1.47612508196611
-0.119884124810403,1.48085137741393,1.48125654375673,1.48168725657362,1.48077303751259,1.48184615397931,1.4806669021567
-0.110578952958161,1.48637034460175,1.48570356944044,1.48612057298849,1.48520322532301,1.48628930583899,1.48511114772961
-0.101273721708654,1.48972387427261,1.49005226871317,1.49047453275939,1.48957288304264,1.49062482000907,1.4894315896582
-0.0919688146234444,1.49459953260637,1.49433583096989,1.49476846591946,1.49385616581544,1.49491658092541,1.49372278837179
-0.0826636198970079,1.49870462564123,1.49853344126382,1.49896023977318,1.49805819614375,1.49905768624042,1.49798956186797
-0.0733581786345021,1.50264598847387,1.50263328854527,1.50303494644353,1.50220615807365,1.50316204015311,1.50203109423904
-0.0640531202268108,1.50696598435823,1.50664348443713,1.50702198447563,1.50622894029758,1.5071909805318,1.50607356366952
-0.0547481237706303,1.51058708815117,1.51055341762974,1.51095916291048,1.5101798527899,1.51111237989823,1.51005904204838
-0.0454429822441587,1.51404420649555,1.51436649010698,1.51473479509415,1.51395193603584,1.51485929524504,1.51386650554613
-0.036137593701649,1.51819411330416,1.51809041114005,1.5184651405663,1.51770365508226,1.51857987075051,1.51760944704761
-0.0268324148928387,1.52153298888547,1.52171742835954,1.5220783968507,1.52134118125711,1.52222555334373,1.52122240870335
-0.0175275000166703,1.52498915694418,1.52525746038173,1.52562281829069,1.52488134509665,1.52573777890793,1.52477639204525
-0.00822210062270978,1.52834061570668,1.52869809767089,1.52907277966238,1.5283532060668,1.52916852389994,1.52821914089979
0.0010830816559155,1.53251419329104,1.5320476545597,1.53240651077471,1.5317234974728,1.53248809965254,1.53156781793439
0.0103881637482174,1.53502010761965,1.53527248447032,1.53561418096073,1.53495088518213,1.53570109852868,1.53484098600917
0.0196931655516649,1.53906889882607,1.53840824322163,1.53873456053916,1.53808582693551,1.53884867031604,1.53800397413083
0.0289984240958216,1.54117432813393,1.54140376213099,1.54176896717561,1.54106094030532,1.54181670941817,1.54099547282568
0.038303762727584,1.54411924318865,1.54428966316905,1.54461594493817,1.54396270539616,1.54470520994327,1.54387342018697
0.0476089313934943,1.54687035297589,1.54704840698916,1.54737231530203,1.54672269178532,1.54746255157927,1.54662129093036
0.0569139942819556,1.55016227707757,1.54969193026896,1.55002427975861,1.54934600935536,1.55011425390965,1.54924362557894
0.0662192957736434,1.55224488225765,1.55219073426362,1.55254343000174,1.55187764434155,1.55262947960048,1.55180920374228
0.0755243336956041,1.55426555172283,1.55455618211222,1.55485295597749,1.55428010720648,1.55496946080263,1.55412710996135
0.0848296318293483,1.55675781137632,1.55678367280472,1.55707584043032,1.55650801866085,1.55717607786715,1.55639416096142
0.0941345335671988,1.55915205546477,1.55887014643576,1.55917108911379,1.55857021662389,1.55927894691877,1.55849482555668
0.103439718589772,1.56039353286142,1.56079095589383,1.56107849475834,1.56051656663779,1.56117402911273,1.56042554780901
0.112745052325002,1.56308456545217,1.56258888610423,1.5628683052438,1.56233953943167,1.56294352581115,1.5622089460295
0.122049995269872,1.56416071515564,1.56422177597215,1.5644836732259,1.56394246046538,1.56456296295832,1.56388987531044
0.13135524934733,1.5653721370119,1.56571783258097,1.56595670848528,1.56546340974472,1.5660341059985,1.56540460666018
0.140660427895311,1.56703169557732,1.56707380657194,1.56731430881249,1.56680750487021,1.567377800311,1.56674387395327
0.149965703476588,1.56824844335561,1.56829787870503,1.56853457257678,1.56806227613895,1.56857905549317,1.5680386353623
0.159270845565684,1.56958876136344,1.56939189394488,1.56963059577998,1.56915417777377,1.56966816315563,1.56907125820048
0.168575849811895,1.57018544215146,1.57033524212434,1.57058090481796,1.57011258237498,1.570623750272,1.57001824917419
0.177881201573641,1.5711696252847,1.5711610492469,1.57140188980209,1.57090052181102,1.57150386036304,1.57084151242759
0.187186128827323,1.57172150894424,1.57185054271007,1.57208126569945,1.57159021888351,1.57219464463803,1.57155142575731
0.196491493850885,1.57270591391778,1.57241403657373,1.57265538201846,1.572175199745,1.57270887076049,1.57210034306646
0.205796647311045,1.57296843915532,1.572848012505,1.57308072294462,1.57262133191887,1.57317352717879,1.57256602060139
0.215101700037869,1.57301044443611,1.573150612372,1.57341024948354,1.5729108741838,1.57344208120563,1.57287673468769
0.224406925379736,1.57349262807352,1.5733384379712,1.57357742953556,1.57311787052119,1.57362344910415,1.57307159567102
0.233711978975902,1.57344477149228,1.57340729800402,1.57363762674637,1.57316923333749,1.57370030594806,1.57312248928622
0.24301720205084,1.57322099261846,1.57334772656063,1.57356801881639,1.57310912188983,1.57363959837847,1.57303262982847
0.252322333824828,1.5731424208248,1.57318960544291,1.57341455425908,1.57297130349642,1.57347077666316,1.57291350726569
0.261627523023948,1.57252473074543,1.57291352105312,1.57314249993805,1.57271257459914,1.57320490663079,1.57262870830204
0.270932585584544,1.57284274019566,1.57255887524018,1.5727812162152,1.5723481252087,1.57281179916261,1.57232349957877
0.280237720795687,1.57186934121553,1.57206310566102,1.57229946027416,1.57184979244624,1.57234116506357,1.57180630092483
0.28954302369556,1.57152027782015,1.57147506385113,1.57166885741626,1.57127435742337,1.57174620481056,1.57119761619747
0.298848056896738,1.57103529668901,1.57078033083093,1.57099632789975,1.57057043913547,1.57106479412507,1.57053732188229
0.30815340002778,1.57007331677078,1.5699657398931,1.57018826039194,1.56976245268413,1.57025740654142,1.56971796975765
0.317458451165812,1.56880637166269,1.5690273216646,1.56922794221589,1.56882725322375,1.56927357245974,1.56877608194919
0.326763594173402,1.56794544324858,1.56800332091242,1.56820728463179,1.56780691268426,1.5682781237705,1.56775055792476
0.336068692819947,1.56696449563457,1.56687590722991,1.56708050786316,1.56667589391776,1.56717677251007,1.56661859935885
0.345373926628788,1.56552961016126,1.56562037231765,1.56580603251253,1.56541431693124,1.56586780772214,1.56536147057397
0.35467918041486,1.56438921188444,1.56428074403663,1.56446929579386,1.5640959254352,1.56455002687214,1.56401331045964
0.363984260704779,1.56316387393909,1.56284810001704,1.56304239021873,1.56265332641767,1.56311355656359,1.56259822251801
0.373289454270076,1.56118951782794,1.56129958438058,1.56150214793757,1.56110931151352,1.56155767440688,1.56104111805878
0.382594576406079,1.55951463174268,1.55967940185685,1.55986840783591,1.55947461493884,1.55993202918048,1.55939050158824
0.391899722375684,1.5579352588044,1.55799967718337,1.55817788422887,1.55780156995803,1.55824965014603,1.55775025038437
0.401204891862473,1.55615736261536,1.55625029408445,1.55643805619571,1.55607855508459,1.55649911298444,1.55600120950513
0.410509996820941,1.55431017511809,1.55443135797357,1.55461104543874,1.55425670434935,1.55467154524702,1.55420182224065
0.41981519928405,1.55272349039987,1.55255843510405,1.55273850841999,1.55236359299054,1.55277739111258,1.55232289300618
0.429120398343321,1.5504414430825,1.55059048489098,1.550777087099,1.55041572373845,1.55082732599351,1.55037930872447
0.43842557194814,1.54874434264145,1.54857169281203,1.54874632239403,1.54839570772216,1.54880825853892,1.54833066236521
0.447730767132873,1.54655836027561,1.54644337355284,1.54662308665863,1.54627821228233,1.54668159093745,1.54620072567419
0.457035787700619,1.5440402799181,1.54421280371376,1.54437450831276,1.54404372629113,1.5444134207517,1.54398361678123
0.466340959951455,1.54197637977453,1.54192355718981,1.5420883799241,1.54176793528128,1.54214506921343,1.54169928984749
0.475646204779449,1.53964688474189,1.53953018294144,1.53968542693485,1.53938245679862,1.53973118492067,1.53934417257745
0.484951361689472,1.53708318594307,1.53704375046344,1.53719080492164,1.53687813176588,1.53722077624106,1.53684085486123
0.494256474234485,1.53452863515655,1.53447346872548,1.53462185358215,1.53431124086129,1.53466844766043,1.53428030450969
0.503561631029517,1.53166745476674,1.53183539695571,1.53199807474014,1.53168625542147,1.53203524076004,1.53164278849982
0.512866825602385,1.52896514974173,1.52914915435953,1.52929829111346,1.52900720221146,1.52934536189129,1.52895168890427
0.522171964219107,1.52650683508544,1.52642902159202,1.52658840752396,1.52628854675988,1.52663539075097,1.52625539323058
0.531477128767177,1.52370087511893,1.5236253529163,1.52378607079932,1.52346562683769,1.52381860334899,1.52342788256885
0.540782306647146,1.52073595648906,1.5207481018914,1.52089523573568,1.52060014887661,1.5209477918327,1.52052857394653
0.550087398565705,1.51781172182948,1.51781188119783,1.51795723707992,1.51767299518942,1.51799175460003,1.51762310097503
0.559392585265756,1.51506776522896,1.51482848811434,1.51496790331681,1.5146848243836,1.51500179156472,1.51464033269629
0.568697827459715,1.51152678501904,1.51170992209575,1.51184440999065,1.51157242690953,1.51188608714838,1.51151684127045
0.578002886487675,1.50857192421228,1.50858684999754,1.50871800214992,1.50844373424284,1.5087576736215,1.50840135204137
0.587308130032152,1.50530566082654,1.5053789442427,1.5055254358851,1.50523538648354,1.505565914732,1.50519360746333
0.59661325767733,1.5021792813717,1.50212329833057,1.50225972692572,1.50198974763181,1.50230994940665,1.50195401855291
0.605918444359975,1.498777711968,1.49877348660979,1.49890809175854,1.49863344260551,1.49896928055116,1.49859419127548
0.615223552135631,1.49539098690694,1.4953665968919,1.49550314340352,1.49523674787261,1.49554544103689,1.4951701317782
0.624528676203197,1.49187913651058,1.49188209709548,1.49202169875604,1.49175424093164,1.49205861285831,1.49171962700164
0.633833917121882,1.48840106520088,1.48835699104492,1.48849119149372,1.48821834741538,1.48852473288804,1.48818285554315
0.643139081640035,1.48465416515932,1.48475291409213,1.48487990321482,1.48462470478366,1.48490788129183,1.48457260785144
0.652444194927773,1.48108158122032,1.48113073042734,1.48126265499647,1.48100170015548,1.48129734429494,1.48095368578346
0.661749381793468,1.47747784894687,1.4774549284614,1.4775987255953,1.47731658167278,1.47763816291088,1.47727489613688
0.671054483656929,1.4738338449915,1.47372438008701,1.47385195977051,1.47357889540022,1.47391922239388,1.47351063149754
0.680359720803918,1.46985374790252,1.46990586687769,1.47004619390712,1.46977038190987,1.47007828198084,1.46971827384335
0.689664852416747,1.46605363834723,1.46604088049376,1.46618928919843,1.46588935018609,1.46624144275341,1.46582868343343
0.698970004336019,1.46207984128835,1.4621034465726,1.46232671043172,1.46188394988039,1.46239900747481,1.46184441456072
