"M001","M002","M003","M004","M005","M006","M007","M008","M009","M010"
-1.12570572511633,-1.56025382545065,-1.46968097240557,-1.0151508864193,-1.77548379744435,-1.20439371197981,-1.88050864409019,-1.50920422107894,-1.3549666058396,-1.5517728941617
-1.06606822137935,-1.4921486522312,-1.39936775842083,-0.950799334440679,-1.7037812596554,-1.13689715373907,-1.80312486990875,-1.4399074490234,-1.28769336235703,-1.47930560043297
-0.999970907974827,-1.41785683658248,-1.32244236546871,-0.880111966160594,-1.62391579513272,-1.06283156039521,-1.7210650041832,-1.36279356635235,-1.21344030915689,-1.40031220431906
-0.933371578581181,-1.34230799869554,-1.24586557580485,-0.809470639582895,-1.54346576379748,-0.987935299725605,-1.64350857206458,-1.28566134937167,-1.13816389056853,-1.32418466123736
-0.868644066385737,-1.26720392241616,-1.17129476444071,-0.740969927196738,-1.46558839250788,-0.914236051486659,-1.56669114606544,-1.21041075127558,-1.06417463737834,-1.24979493313264
-0.803572073371858,-1.19399763904596,-1.09663664945925,-0.671895100986681,-1.38780620528865,-0.84032236258275,-1.4862374202813,-1.13573986771325,-0.99210777982195,-1.17324283265275
-0.736944536666794,-1.12211629942179,-1.02265341140692,-0.602524083639217,-1.3094977277792,-0.767282297113039,-1.40625754579754,-1.06116784257072,-0.921272646697804,-1.09626019639859
-0.672788646643257,-1.04972101470296,-0.948154332070489,-0.534209200017999,-1.23279154690749,-0.694901081469798,-1.33018087357913,-0.986202284940023,-0.849548756369491,-1.02025754543784
-0.610426577718683,-0.976085308325901,-0.87458999699372,-0.467616027395601,-1.15725804614738,-0.621949339383577,-1.25239047885201,-0.911318996622195,-0.775798305943863,-0.947200332610474
-0.547359605966905,-0.903256615034003,-0.801283841433487,-0.40060448832058,-1.08239534553065,-0.550619058016878,-1.17473349208104,-0.838117119964755,-0.703514822817834,-0.875535064249508
-0.484048734498554,-0.830413963143041,-0.730074748909367,-0.333304714127715,-1.00917492658491,-0.480051446128975,-1.09767312030232,-0.765493043142493,-0.634610819850791,-0.802209003016336
-0.41932484028984,-0.757276128906452,-0.658861466408048,-0.266609780484179,-0.934767718940681,-0.407637810051102,-1.01987773660953,-0.691982657065763,-0.566106462932006,-0.727361705845037
-0.354322654494982,-0.68417229301159,-0.58516563852547,-0.200253930767704,-0.858699893988027,-0.336064252634449,-0.943399712027319,-0.619416457441742,-0.496868936826919,-0.653448220455743
-0.290561957110022,-0.6138979126497,-0.51413069280052,-0.135123100233033,-0.783639382620455,-0.266328545808072,-0.872071754693223,-0.547505507344279,-0.428190745153847,-0.584629076968063
-0.227231092630109,-0.54365325447628,-0.442593265667837,-0.0688156971996492,-0.711297719521843,-0.19634729703684,-0.798096124206173,-0.474759789034436,-0.358851783601352,-0.515640252580251
-0.165512742000439,-0.472934602702883,-0.372043341090571,-0.00325516130399217,-0.640047529876333,-0.12741419836767,-0.721459149127632,-0.404521621051404,-0.290559028503405,-0.445215679303057
-0.104352299151179,-0.401304384936528,-0.302383556638848,0.0595832314427733,-0.567149376198139,-0.0592437285099492,-0.647159727535954,-0.333533464772547,-0.223492928974441,-0.373885291462925
-0.0425356044172636,-0.330712836661891,-0.234891012970082,0.120555020704136,-0.495446315902826,0.0084220538792894,-0.577191652691068,-0.264895464002217,-0.157100224378525,-0.303653521875907
0.0192329698971803,-0.26085821160631,-0.167218979887928,0.18417098925865,-0.426037394790395,0.0760294279791873,-0.504920743821598,-0.196715278294667,-0.0903130287216385,-0.23781613720165
0.0805977068189778,-0.192999605351513,-0.0987907129595786,0.246626079101596,-0.356645542016637,0.142889531988037,-0.430667777686838,-0.128789259990173,-0.0252774690639219,-0.172909299998475
0.140656204810482,-0.125391971355194,-0.0315060299808676,0.30699467829485,-0.288839809609672,0.208438435509994,-0.357575257236206,-0.0625180358939537,0.0375788094195257,-0.106768267884669
0.200127388651799,-0.058186238999391,0.03459229025749,0.367161397919741,-0.220951636284741,0.272491244313579,-0.287800098306938,0.00420363008583413,0.100932369400835,-0.0395577688039256
0.260293000527682,0.00750487547564171,0.0993477147824027,0.427158828609766,-0.153466676787409,0.335312189207943,-0.220796373223277,0.0693289450158003,0.16306026251562,0.0250706431265667
0.31862843128247,0.0732023104673654,0.162693034061112,0.484726409375702,-0.0865880400843191,0.397021491530305,-0.156096760806508,0.133752392232257,0.224040446949538,0.0856712734331774
0.375317925064531,0.13721254882056,0.225103531504288,0.539698576182319,-0.0214397458914624,0.458061665779977,-0.0880130834646806,0.195917117005734,0.284308291675573,0.145969206037987
0.4311318580617,0.199783715802642,0.286790675242236,0.593397615083892,0.0404889957830887,0.518307973966449,-0.018842971955054,0.254978608106356,0.342902888890876,0.2058714873893
0.486908376054563,0.261158490563992,0.347984419807381,0.647307918996285,0.103182482038318,0.576578119656851,0.046610369270268,0.31490493382101,0.400855689177223,0.266590310215072
0.541336071138421,0.321111253409786,0.406816141344543,0.70052879513206,0.165294728435145,0.633625928513417,0.107680261946533,0.371558279872738,0.456370298604289,0.325043732625157
0.594535054201905,0.379748083708454,0.464396577248714,0.751806353731073,0.223799156616576,0.68879545712629,0.167652475650015,0.427504473380487,0.510438142995651,0.378990694844045
0.647577159323328,0.438557377290925,0.521133815501585,0.801044781508084,0.280477380845588,0.742716326459587,0.228558358950179,0.482883117603956,0.563880759773733,0.432144047303284
0.697837725195809,0.495297829162373,0.575730411304565,0.847765770198805,0.336713828868458,0.796144705481423,0.286204602195864,0.534275684156048,0.615209280376743,0.483718005567523
0.744893221991623,0.548933892068607,0.628622920306945,0.891688308000485,0.390317908137044,0.844791764086851,0.342124256606656,0.582179909959419,0.662980684997924,0.532899654089193
0.791599027862695,0.598986239191585,0.679076287689267,0.934101293270691,0.440707258108573,0.889353510082319,0.397448481979421,0.629419751502277,0.709395515947333,0.580355557108181
0.836480110964141,0.646092188817609,0.727590074804009,0.974377013423143,0.489673630194273,0.933125092582478,0.449939562574137,0.674939472905464,0.754760515335985,0.624734465468707
0.878495850936703,0.692376317083774,0.773978564312469,1.01200990327233,0.536419972700524,0.975642971132826,0.50064149643338,0.717311924944955,0.796606758843449,0.666788402152627
0.917898723975611,0.736667010803412,0.818379847068446,1.04611877424469,0.580359789454382,1.01587298216475,0.548340050006268,0.756799987909025,0.834620850736734,0.705727450853864
0.95499916365221,0.777203868025841,0.860078207442979,1.0759911863565,0.620897422065985,1.05285376201547,0.591962404367374,0.791911254929677,0.869819710181357,0.740406100661534
0.989892470155532,0.814243972057251,0.897814882965377,1.102766461547,0.658468940046852,1.08517845217675,0.633892658411267,0.821880079292998,0.902319079657483,0.771948349167784
1.0224727431284,0.847711474482954,0.932646030058388,1.12649840640557,0.693652254269234,1.113491674141,0.672509594257443,0.847781647095185,0.932893445692295,0.801412011702183
1.05200531012788,0.877480539379723,0.963900254701819,1.14685313244708,0.7250732667939,1.13886385425214,0.7068918650851,0.870830550516323,0.960421942710876,0.82732617749876
1.07791483107807,0.903774266364784,0.991728773982168,1.16341186482063,0.752399053844156,1.16141526217756,0.737883815477469,0.89049233278408,0.983241839017184,0.847592923320293
1.10066714410223,0.927207145981011,1.01817006550969,1.17670794261106,0.776223796093408,1.18033199979786,0.766816206875826,0.906895749299526,1.0021310549478,0.863730562734643
1.12014033459132,0.947776421584827,1.04238041070868,1.18664657983214,0.797341493976129,1.19681175403166,0.793338072244241,0.919447173274323,1.01852165911751,0.878037445831952
1.13638371471585,0.965509869070637,1.06290347683808,1.19443965018508,0.815952212188398,1.21102320560806,0.817425472083611,0.930266175834209,1.03278825782783,0.891278897247816
1.15036485968137,0.981466345849499,1.08097704230755,1.20207116749156,0.833611291308641,1.22452363642024,0.839469269921577,0.940432811021237,1.04540774300442,0.90269623043901
1.16502849249128,0.997391723531089,1.09813507856425,1.21135814792746,0.85033029545665,1.23863294059748,0.859638437545844,0.950271895541195,1.05877778322846,0.914284259558526
1.18133640844184,1.01442112794667,1.11516387654699,1.22284511810549,0.866032588618281,1.25361001459124,0.879822325032839,0.963584354760589,1.07407941181218,0.927870424546403
1.19832404732826,1.03277624044246,1.13318328083885,1.23617246332968,0.883515320586099,1.26989627723047,0.902351304352743,0.98367793617283,1.09140847581091,0.945368305853497
1.21701112162605,1.05310370351774,1.15205822718192,1.25097663327309,0.904785511203135,1.28763364578555,0.928378636568085,1.008231844772,1.11013407661749,0.968536365389259
1.2375919997386,1.07758581453247,1.17106634685332,1.26861624699818,0.928441028717018,1.30735039343136,0.95527598885862,1.03423583541904,1.12895675611167,0.994393359291426
1.26043808990735,1.10686132797835,1.19151045641061,1.29049234454279,0.951724785241806,1.33145963218622,0.980895842990748,1.05936797389508,1.14755150096893,1.01849252702035
1.26918980836234,1.11798124066608,1.20008861377755,1.29914926044422,0.959759912804114,1.34084076427604,0.989956766708795,1.06736822299074,1.15398317530581,1.02606540948435
1.27781473439159,1.12882291583294,1.20952331083268,1.30724725192044,0.968090847262173,1.34986343459652,0.998645979051664,1.07478037602481,1.16006435976262,1.03280813774668
1.28608111467395,1.13921117636888,1.21958629052649,1.31439981015408,0.977071750182366,1.35808249926887,1.00711422697204,1.08178922811011,1.16600446405018,1.03885761642563
1.29383639752028,1.14866876901782,1.22939294144692,1.32049643438844,0.986676622008789,1.36507501377829,1.01550579654684,1.08849296770895,1.17179316841413,1.04440722105911
1.3009296341956,1.15685825873869,1.23760493122082,1.32563453107619,0.996356175346766,1.37085428872855,1.02357910457894,1.09499635208709,1.17724446876691,1.04970680407516
1.30732264053345,1.16350552829757,1.24354488552141,1.33000707725939,1.00547349255689,1.37565935814958,1.03086067498268,1.10121814988116,1.18220502933038,1.05481686865484
1.3130991505125,1.16830804547659,1.24736437388792,1.33369130793911,1.01362977874325,1.37995431539549,1.03712461976299,1.10672921381345,1.18660433084532,1.05965272162422
1.31833981393034,1.17142560748753,1.24989425450392,1.33674986135879,1.02046820212532,1.38384977752855,1.04238606128413,1.11099182753423,1.1903924839164,1.06405854773391
1.32308354690742,1.17355839054908,1.25185883733342,1.33891054476226,1.02590925451078,1.38714357244101,1.04695450781032,1.11355368377923,1.19345187890892,1.06765272466945
1.32731756149558,1.17529194371002,1.25426593797127,1.34001458490964,1.02996691328327,1.38943633356798,1.05118726569108,1.11421986906887,1.19582345079007,1.07031316692899
1.33099983201922,1.17727191686643,1.25785445395619,1.3402033197468,1.03268274099026,1.39030544659682,1.0553547102257,1.11297505454838,1.19771115090063,1.07190100113338
1.33409730315052,1.17990936607635,1.2623081450941,1.33958354646418,1.03410601388865,1.38964352347994,1.05941986213559,1.11042068723428,1.19919759617411,1.07229866600281
1.3364728576707,1.18277308798759,1.26662821411706,1.33820149971969,1.03419518587536,1.38771855417076,1.06303693835968,1.10737123854732,1.20016233201567,1.07152747687847
1.33804469378103,1.18495578416797,1.26974208681771,1.33605118694941,1.03310417655291,1.38501704620145,1.0656137025285,1.10454637222025,1.20052506438923,1.06972676009187
1.33874052746889,1.18566593572754,1.27065753037728,1.33315029685603,1.0311364195646,1.38203314387001,1.06686816822624,1.10239599425501,1.20025467000394,1.06708316445772
1.33853533559337,1.18458952201047,1.27019584640196,1.32979891049166,1.02854406996114,1.37901928075758,1.06665051824041,1.10065446956351,1.19933683624139,1.06370985146876
1.33768835145918,1.18220712885654,1.26970281657868,1.32616848160727,1.02553605443037,1.37597259808951,1.06532144249524,1.09910702246173,1.1976923807089,1.05979519685265
1.33641551223453,1.17938916729111,1.26995733043051,1.32241786269898,1.02238959622072,1.37284913749198,1.06337187466099,1.09725487372297,1.19527006945523,1.05540193590107
1.33503201454455,1.17667607982092,1.27022092346566,1.31869744774547,1.01967427337517,1.3698184449177,1.06125610836952,1.09451403652159,1.19234508973908,1.05076082791301
1.33394731235225,1.17452762496945,1.26917972483344,1.31512516498452,1.01785284250784,1.36714571465558,1.05954263232798,1.09060744411379,1.18924468318589,1.04616144432371
1.33321896379166,1.17285626899551,1.26637434485386,1.3117454152805,1.01697174680664,1.36509975801013,1.05845899502387,1.0858661695098,1.18625939991301,1.04190199112768
1.33251143322714,1.17114311434998,1.26307653806254,1.30857212368499,1.01648065876051,1.36406387770589,1.05803526084886,1.08087442274914,1.18348375681146,1.03808360475155
1.33138017482686,1.16887284433835,1.26140010921447,1.30574675958648,1.01573606504536,1.36466240572905,1.0579726526261,1.07634326240195,1.18112163500373,1.03478172870408
1.32969640849877,1.16630088154087,1.26174733254828,1.30354609716622,1.01450007556275,1.36671465980015,1.05805972324964,1.07295423741789,1.17954227082479,1.03220841564914
1.32811904882962,1.16433472934104,1.26259167041521,1.30216002631682,1.01286543091083,1.36939447341849,1.05835951779118,1.07130634762471,1.17898559488878,1.03050867332459
1.32716976102437,1.16370770882467,1.26219660031063,1.30159168327843,1.01121012791494,1.37151045350967,1.05892822608632,1.07146608780021,1.17943873953674,1.02978123389539
1.32705137633803,1.16435988672235,1.26068310717396,1.30182334956077,1.01004658053881,1.37287689319089,1.05959563516923,1.07298291287827,1.18053659571936,1.03007297193306
1.32771903391792,1.16566184121763,1.25961702678241,1.30280265998737,1.00949915851492,1.3739845541279,1.05989608093159,1.07521438207697,1.18155789530211,1.03109976637961
1.32899736265462,1.16697154549781,1.26042944401396,1.30442230769104,1.00950579771828,1.37542224417419,1.0596791250708,1.07751223102772,1.18224254544055,1.03258564104024
1.33056342270655,1.16841255695646,1.26285850740688,1.30645885368282,1.01009752544675,1.37741939730774,1.05952528288898,1.07980279490986,1.1827445864793,1.03443015386692
1.33200247700668,1.17075670212424,1.26527418651155,1.30865517962932,1.01132319425882,1.37952724729248,1.06015631300893,1.08260292860611,1.18355666243733,1.03681544466286
1.33309736543825,1.17460710450843,1.26660001830744,1.31098063460199,1.01317154515942,1.38138682505789,1.06216433350009,1.08621032277887,1.18516166241446,1.03988833624137
1.33399845883429,1.17944604772174,1.26740035424981,1.31347284323353,1.01581677119064,1.38330646646499,1.06557336938931,1.09047502812465,1.18771765379025,1.04357314979838
1.33490319826607,1.18405676828621,1.2684203337664,1.31616191875181,1.01935006124799,1.38587443042843,1.06991140107675,1.0949558664282,1.19099480963208,1.04758080609642
1.3360443222781,1.18789110070082,1.2701278298305,1.31894288638318,1.0234912719807,1.38944103318473,1.07441429932538,1.09932672901351,1.19449704953914,1.05159466885429
1.33796699204929,1.19136465741228,1.27248131968612,1.32178322388523,1.02783223740812,1.39347729861035,1.07865601324794,1.10345694761116,1.19781769043809,1.0553509120316
1.34121742557716,1.19501119733091,1.27539941523678,1.32474240494632,1.03187738382129,1.39719605152193,1.08235254942062,1.10723715796811,1.20049645341143,1.05874425124848
1.3456261157234,1.19899525515768,1.27870686182738,1.32783911830821,1.03525215233974,1.40014554505905,1.08535709712142,1.11067517164546,1.2023853043106,1.06177419806612
1.35003300202821,1.20299111688839,1.28211642114213,1.3310504597965,1.03818920697454,1.40252629149472,1.08793413081543,1.1138435364827,1.20365893374975,1.06441512299354
1.35319039068462,1.20661584892495,1.28526188624784,1.33426362975243,1.04093309320158,1.40473609004274,1.09025301303441,1.11675833244657,1.20462138328631,1.06669636044769
1.35523568914379,1.20973984359387,1.28795853387988,1.33711121909064,1.04377371782401,1.40692606485121,1.09240572836198,1.11940400877913,1.20548281692269,1.06880368737431
1.35732623118744,1.21288431246018,1.29013751386178,1.33935440331464,1.0471188998158,1.40875865846564,1.09458278941868,1.12165743610296,1.20636120270054,1.07075917318129
1.36047214805662,1.21613827741861,1.29192285070115,1.34079200356045,1.05085111723543,1.41002567265444,1.09692886909282,1.12358803307045,1.20736643491005,1.07254871829379
1.36405672899038,1.2190664566928,1.29352839013523,1.34140554500265,1.0544804425859,1.41082675092358,1.09948437619851,1.12524968046973,1.20853289583024,1.07406822539703
1.36682719852704,1.2211419399116,1.2949552454368,1.3413513888264,1.05748441251666,1.41165583237013,1.10229147007075,1.12667311442145,1.20995611435807,1.07535915339375
1.36829903474063,1.22205148583862,1.29625761051461,1.34096905772764,1.0594307521099,1.41291608407591,1.10523636995841,1.12771081032122,1.21178148388034,1.07641607442939
1.3692113904064,1.22245000794648,1.2976542564536,1.34065414240961,1.06030744126734,1.41434038189904,1.10800799893596,1.12817510765356,1.21372172513235,1.07692701487147
1.37058494184507,1.22309800798887,1.2989802102049,1.34060536121218,1.0602870870109,1.41522940897476,1.11031904105062,1.12789390414654,1.21530096483622,1.07672313042511
1.37280197582312,1.22426939261341,1.30015880115601,1.34083407294752,1.05969068749278,1.4150569181151,1.11202738874387,1.126680079414,1.21603189074155,1.07579091300104
1.3750918709693,1.22509429884631,1.3011553341996,1.34102831710129,1.05878482858105,1.4141886722247,1.11308413114852,1.12461666414301,1.21566610258279,1.07407665189266
1.37683399057018,1.22473173427366,1.30219876415067,1.34091095145672,1.05788856298407,1.41333368987041,1.11351096135238,1.12187975302433,1.21416421881215,1.07174745538448
1.37776433453856,1.22314598980364,1.30339005055527,1.34038219971723,1.05725567326016,1.41301861244833,1.11336894473978,1.11865983945663,1.21190897783764,1.06920704859188
1.37807106660756,1.22124581734685,1.30440752551048,1.33955985122058,1.05705362585392,1.41279241441636,1.11282657557272,1.11540506688802,1.20958413570607,1.06683113824515
1.37810694696598,1.21998078759276,1.30508821749198,1.33854715621951,1.05734705468572,1.41203665711378,1.11212870768472,1.112483630415,1.20783258136759,1.0647861613181
1.37831411531107,1.21952978813462,1.30533106093695,1.33734627602368,1.05771214024913,1.41072797715463,1.11111153482469,1.1098521290543,1.20678161219183,1.06300679208845
1.37899176467592,1.21939194761355,1.30482954586483,1.33596342070037,1.0573652670751,1.40952064636362,1.10931689989789,1.10721732716931,1.20612458617519,1.06111587301077
1.37997080831513,1.21906478119646,1.30355694948197,1.33437783135197,1.05584022073798,1.40908396968963,1.10676074909272,1.10427079810951,1.20537303692584,1.05887493238786
1.38098388037551,1.21840651696681,1.30206916243516,1.3326382970419,1.053450660526,1.40942173762793,1.10408210515471,1.10131443997869,1.20447904912912,1.05654522088815
1.38154468170521,1.21735052508646,1.30098495871103,1.33097117496879,1.0509478139565,1.40998593032173,1.1020638570065,1.09910259071548,1.20377405211787,1.05475398859852
1.38125414502065,1.21590499073051,1.30051827510387,1.32962253493146,1.04881872895176,1.41016454621565,1.10134946472817,1.0980753016618,1.20350816393094,1.05376727151071
1.37994051386768,1.21438117057402,1.30032264093169,1.32893733028627,1.04691069127052,1.40991814689248,1.10173406067876,1.09799447309513,1.20325491126024,1.05327298721654
1.37785030229937,1.21326456292166,1.29984716017167,1.32910511070919,1.04489366922067,1.4095988315752,1.10258757311085,1.09823946114183,1.20267148558222,1.05277598717906
1.3755181395073,1.21270446200756,1.29906331118237,1.33002570255343,1.04276288254964,1.40961820714814,1.1034535048176,1.09834680559967,1.20167253928928,1.05213757352667
1.37387244648056,1.21242739808168,1.29857068091779,1.33122883078776,1.04102237360401,1.41013998665156,1.1040922850636,1.09830219956433,1.20075741714632,1.05147191422797
1.3737058166105,1.21219751122596,1.29907904937082,1.33222789925268,1.04031355129916,1.41116139727723,1.10436473796275,1.09819652444553,1.20035982869831,1.05091169416654
1.37467899204302,1.21201604334493,1.30049692393111,1.33273294708157,1.04051558919775,1.41246442686542,1.10432674677446,1.09812034092652,1.20032623302688,1.05047374120104
1.37591963611756,1.21235558303148,1.30217180499611,1.33267846832069,1.04117787187832,1.41380738950049,1.10411112645711,1.09826151275898,1.20050357381794,1.05017049443803
1.37676093306175,1.21355974986985,1.30347423640718,1.33213979255673,1.04173492016275,1.41495699984016,1.10386778079978,1.09877007635736,1.20077664052869,1.05007221980013
1.37694725311072,1.21526773775865,1.30439301162978,1.33153700461006,1.04206799279165,1.41576890729035,1.1037729774467,1.09981205076891,1.2009037142664,1.0502824374029
1.37686775818723,1.2166554270246,1.30508477975595,1.33150424456834,1.04223622847137,1.41635694693078,1.10406291992625,1.10149193870055,1.20103897327533,1.05099402457161
1.37703606591093,1.21726482966517,1.30565407678249,1.33240945953858,1.04238037933975,1.41699278006738,1.10490332356378,1.10385175669054,1.20161394311401,1.05237068291934
1.37765615585116,1.21751179299252,1.30616291421744,1.3341019409356,1.04268127766992,1.41779470806908,1.10598615201421,1.1064812412238,1.20269639779872,1.05417230334018
1.37882519335865,1.2180130437744,1.30669069293568,1.33632297617478,1.04325104994872,1.41883283304059,1.10700639809618,1.10894034520587,1.20417594127392,1.05609130602551
1.38061738816382,1.21916611687661,1.30727927260234,1.33868204210034,1.0441292333651,1.42011654157293,1.10780783108895,1.11098388616364,1.20596867575336,1.05791417960712
1.38284622599448,1.2212136511226,1.30789378971192,1.34086130248566,1.04519182283289,1.4215625680503,1.10846156944613,1.11250395259123,1.20773520278905,1.05950576897809
1.38519854045425,1.22401580164914,1.3084975007268,1.34250267438808,1.04626305950949,1.4231564732834,1.10912534694652,1.11350064484715,1.20910625113573,1.06073888638024
1.38728285821375,1.22698417877639,1.30917173334897,1.34352270333357,1.04735342864102,1.42481156526949,1.10987262795719,1.11420193435491,1.20984393674319,1.06156793050159
1.38878477269654,1.2289983743867,1.31003473977621,1.34405238136247,1.0485231423935,1.42649605926356,1.11101443984879,1.11494459981525,1.21003231878051,1.06210505241108
1.38968275130578,1.22925902649382,1.31107387295158,1.34428367879883,1.04995135915931,1.42819369757553,1.11270285250734,1.11595109010428,1.20999152646491,1.06256028251404
1.39016744223352,1.22830865106115,1.31224436848958,1.34439791992092,1.05156161943849,1.42977679142417,1.11469407800869,1.11713424240856,1.20992878935776,1.06300719361629
1.39061334223111,1.22758249897028,1.31356874461311,1.34444449051564,1.05308326035514,1.43112231890646,1.11651848312393,1.11808316971909,1.20978252558372,1.06342793217513
1.3914744979905,1.22842373891433,1.31499976057632,1.34439251703504,1.05436144421218,1.43211782386272,1.11780331272932,1.11849629695093,1.20965913091719,1.06373022424337
1.39263119694159,1.2306366706405,1.3162833944296,1.34450614763403,1.05559576744865,1.43268846584047,1.11842407630024,1.11832044963983,1.20978458137951,1.06402216751684
1.39372992066012,1.23306705636351,1.31729690199899,1.34507544158872,1.05691496294572,1.43306445080588,1.11854060222694,1.11766654546727,1.21015296153442,1.0642852737459
1.3944800533585,1.23483810127263,1.3180029568918,1.34614839230711,1.05842942560837,1.43345920973987,1.11838791683001,1.11681592540076,1.21071791390324,1.0645093409712
1.39519964409387,1.23609111542502,1.31850760671153,1.34744417182149,1.05992289286641,1.43404706836677,1.11832129572762,1.11611954927785,1.21150641068961,1.06473986449991
1.39634387034775,1.23728674182288,1.31904801620975,1.34868899622326,1.06115967550027,1.43495498608938,1.11866444787888,1.11590189887274,1.21259721770027,1.06501195003551
1.39792739770117,1.23862501095849,1.31968318373771,1.34965924200805,1.0619390561648,1.43608453358628,1.11951628087971,1.11620037223122,1.21395863528715,1.06536611712549
1.39966440502757,1.23971379548402,1.32043065446864,1.35030546423406,1.0619916375434,1.43718985902636,1.12078173578283,1.1168826515553,1.21537750426463,1.06569834347683
1.40126356254931,1.24015286981207,1.3212708417258,1.3506164270112,1.0611590140545,1.43804915867313,1.12224141555264,1.11767368291583,1.21661100739504,1.06590535619339
1.40238980422364,1.23981026919846,1.32214489169932,1.35066933244017,1.05976556909708,1.4384761833834,1.12357278659728,1.11826599456263,1.21728328059518,1.06575251360983
1.40295418395837,1.23894883363697,1.32296305816406,1.35053041470013,1.05860883175201,1.43845565653614,1.12453755794516,1.11828854787255,1.21704795141398,1.06507159824705
1.40311252283756,1.23789553160957,1.32367652263598,1.35037417611587,1.05819814940932,1.43828075754621,1.12499337759556,1.11761464323341,1.21588076376586,1.06379136592246
1.40311109369274,1.23703055034441,1.32421734337724,1.35028138873986,1.05851262776237,1.43823718150728,1.12506358646688,1.11646361838391,1.21418306300609,1.06213572203705
1.4032327402629,1.23664849368772,1.32443696193638,1.35034789807437,1.0590824819691,1.43850434980602,1.12497649805945,1.11523512758693,1.21259790149766,1.06045811858537
1.40382530311852,1.23694719805509,1.3242871305133,1.35061587520479,1.05951765472726,1.43923019290199,1.12498479578885,1.11427829985797,1.2117072110343,1.05911652386113
1.40489875968844,1.23775261292807,1.32383817131585,1.35100290957374,1.05967013732947,1.44034468734065,1.12511318844442,1.11365729419545,1.21151888798204,1.05811196548253
1.40630690708024,1.23861911623582,1.32331136458915,1.35134134583786,1.05946383170094,1.44159374244452,1.12519404537706,1.11315399769706,1.21165597710653,1.05727642913637
1.40782984680577,1.23920730539264,1.32294678469297,1.35153689352919,1.05892776795782,1.44267190079699,1.12516064161269,1.11273080381845,1.21188271793732,1.05660232192105
1.40925935917144,1.2395559951819,1.32310217084047,1.35167440523841,1.05813693314716,1.44336403162157,1.12514379787113,1.11253635877239,1.21242156508608,1.05627779137535
1.41033551195084,1.23986802712512,1.32406181343903,1.35190096480678,1.05726458392862,1.4435657220139,1.12531951313718,1.11285134737978,1.21350130118148,1.05653256913177
1.41105473443039,1.24031141657586,1.32574058142433,1.3523094867697,1.05644877668936,1.4434934978928,1.12568647724224,1.1136145636701,1.214990320123,1.05727613816611
1.41155088751596,1.24079069344101,1.32753789255353,1.35281681869132,1.05569258178242,1.44330997097807,1.12577238045335,1.1142421003139,1.21612678749206,1.05785128708393
1.41208420738274,1.24118794236865,1.32883924912476,1.35329281050069,1.05500043152308,1.44320570272812,1.1252430886623,1.11417819907032,1.21619595284744,1.05764513229378
1.41281302317935,1.24156236570344,1.32949418047299,1.35371444672548,1.05462300813756,1.4434324683836,1.12436131103113,1.11360736011766,1.21528670948378,1.05681605022424
1.41372250972198,1.24196882464246,1.32975851878466,1.35409991463192,1.05470247656081,1.44413997044244,1.12381376516788,1.11323211639007,1.21421059035904,1.05607505409189
1.41469020982691,1.2424231803168,1.329961985368,1.35443616499888,1.05515296753111,1.44532012849532,1.12404249084448,1.11362989863302,1.21383178204076,1.05607935933659
1.41551896297659,1.24287365685664,1.33023442043803,1.35476754428499,1.05582055676916,1.44688275400896,1.12477297452204,1.11454472898775,1.21416836910687,1.0566913541548
1.41598202161525,1.24333807664654,1.33051130846357,1.35517841089996,1.05650230606299,1.44845949027405,1.12530368973541,1.11524846842401,1.21479382373924,1.05727447899988
1.41596061396093,1.2438220066323,1.33074512957955,1.3557729414956,1.0570225187691,1.44978340074849,1.12511093561395,1.11522861933319,1.21533362125533,1.05745747591311
1.41567461028597,1.24442925165127,1.33096768394776,1.35660384914764,1.0572683365517,1.45075328447187,1.12467424875267,1.11493235711199,1.2159764607659,1.05755363547585
1.41547858089627,1.24512780226967,1.33117339446659,1.35771129557494,1.05714800129143,1.45146517354863,1.12477251609035,1.11510439018672,1.2170274452729,1.05817526087487
1.41569928363367,1.24597718833499,1.33140926057577,1.35904120814968,1.05675892151237,1.45206855585368,1.12573026967583,1.11616480312813,1.21851306247954,1.05953548313526
1.41659218523555,1.24700074592695,1.33177969170545,1.36013700995634,1.05647990615157,1.45267689045752,1.12706474876369,1.1176665519345,1.21976453706201,1.06104594370668
1.41818931801185,1.24807360439587,1.33234688909532,1.36058718567829,1.05665051134719,1.45336517010433,1.12803701559333,1.11893758432197,1.22016202112489,1.06194840660153
1.42019483850602,1.24907391510603,1.33315419070838,1.36043136195293,1.05732305543808,1.45419175951907,1.12846380545786,1.11972570861641,1.21969764419117,1.06212295107997
1.42214825829631,1.24992652178791,1.33410976355472,1.36026279629216,1.05831384182607,1.45529703462322,1.12903717813619,1.120489661717,1.21905191726365,1.06224737800958
1.42362986568392,1.25057253466474,1.33515257178418,1.36068951501162,1.05946133808577,1.45678792998289,1.13039462836181,1.12172417732519,1.21896631742468,1.06306351164538
1.42461400823207,1.25100518355449,1.33616532249242,1.36174317937108,1.06061620554752,1.45869488914314,1.13225472292969,1.12318203877755,1.21941342909674,1.06438364015585
1.42543415123696,1.25136054842498,1.33707719246437,1.36300129889954,1.06167264317762,1.46060361144733,1.13374780097352,1.12409218041372,1.21977653166738,1.06538907317993
1.42642674012456,1.25177786702821,1.33783910739306,1.36404124005404,1.0625705724281,1.46199119001255,1.1341805941476,1.12392031536672,1.21959299961598,1.06539361608377
1.42759158872198,1.25239121843054,1.33859687486877,1.36483624832298,1.06319458521457,1.46255134105929,1.13399790516465,1.12317705796509,1.21927738096329,1.06478563817564
1.428669767156,1.25326489917284,1.33956198269632,1.36548624545459,1.06342271420869,1.46257010088847,1.1340933751451,1.12282841442931,1.21967464198053,1.0644412305859
1.42945187991873,1.25431380764586,1.34081131724864,1.36614031948794,1.0632562132878,1.46266167749065,1.13499939088711,1.12343878210415,1.22122331931474,1.06491322662482
1.42998993699676,1.25531711865169,1.34204347997371,1.36683732919736,1.06286834585553,1.46308324619843,1.13617684930609,1.12442908704002,1.22318949853349,1.06560263318047
1.43044689198374,1.25603255936809,1.34291175710252,1.36759999212001,1.06253395141467,1.46341120306713,1.13681949250875,1.12492371105683,1.22459472147086,1.06570940973019
1.43090424176418,1.2564292070369,1.34325398192166,1.36838264754707,1.06247424928835,1.46328433190277,1.13665721971992,1.12459184704279,1.22494905804257,1.06498861370195
1.43127695986725,1.25669580608692,1.34334040807743,1.36907922632403,1.06283338219872,1.46297446488039,1.13634459236645,1.12402247284661,1.224633104245,1.06407881011837
1.43158886422532,1.25719155777916,1.34360325687071,1.36953392045836,1.06355086389935,1.46313146967435,1.13656630295023,1.1238962076941,1.22442244247925,1.06365567811708
1.43193140530681,1.25801235295182,1.34421445582954,1.36980034497915,1.06444220176368,1.46426331957656,1.13741394643453,1.12437082949426,1.22458250095625,1.06386633381716
1.43247706187345,1.25892367160097,1.34493912248433,1.37018902333855,1.06521782184332,1.46610906179352,1.13833501730369,1.12494801557959,1.2248548522637,1.06422158505694
1.433330006724,1.25969584659854,1.34560139671601,1.37097094086278,1.06560745090144,1.46801777706566,1.13886599064643,1.12513735265769,1.22497501576294,1.06419608186761
1.43444719870836,1.26034963880358,1.34620536074686,1.37202582566952,1.06560504587235,1.46952941212984,1.13902043252313,1.12495893707289,1.22506546334604,1.06383245666727
1.43559818044368,1.26101910326725,1.34683482133893,1.37300071661074,1.0654343889616,1.47063861899963,1.13917373115984,1.12478949048737,1.2253949186334,1.06352252688254
1.43664926349349,1.26182167762013,1.34753808601189,1.37358757327831,1.06530769349611,1.47146280365483,1.1396637258513,1.12493858615334,1.22615067252461,1.0635953526818
1.43779713293352,1.26263045130491,1.34838345851781,1.37391904786221,1.0653415028652,1.47210837144711,1.14037200431813,1.12532313585726,1.22708457884691,1.06401577151062
1.43936501390518,1.2632829057633,1.34939055078852,1.3742962989964,1.06558535756962,1.47265063816992,1.14102174696101,1.12571419697076,1.22783135662151,1.06456899339169
1.44134930800461,1.26375605241685,1.35046858761771,1.37485410988585,1.06595808355603,1.47316494806575,1.14146239427569,1.1259525040949,1.22818458837229,1.06501743160206
1.44313951195203,1.26414244672262,1.35151315752603,1.37552909575602,1.06629852195701,1.47370589455513,1.14180041443773,1.12612347199905,1.22832123740713,1.0653735903099
1.44407984101114,1.26460422699566,1.35241921223472,1.3762062612312,1.066434531753,1.47436027862419,1.14216308175474,1.12632607550902,1.22846898304212,1.06566135347983
1.44398563787608,1.26523418179653,1.35305479509115,1.37670188610171,1.06630358295921,1.47526114161802,1.14262263968638,1.12659012363852,1.22877439354443,1.06583587997688
1.44350115364236,1.26601080987432,1.35333270600715,1.3769273684627,1.06615510999694,1.4763979107521,1.14308754268666,1.12688392412135,1.22920823800609,1.06587977191736
1.44345101816272,1.26681662154369,1.35326835682335,1.37685988534298,1.06629478886705,1.47768167748479,1.14349111851722,1.1271814919538,1.22970204068546,1.06582727956861
1.44403957396317,1.26759384542449,1.35309638956322,1.37669486439099,1.06679938463369,1.47897971826425,1.1438203159587,1.12744615828098,1.23013392734266,1.06575110861411
1.44494230763304,1.26832600148787,1.35326766829065,1.37674641678179,1.06747966066855,1.4801736327658,1.14410123630887,1.12768221597694,1.23043627194539,1.06579409678039
1.44584408550177,1.26901163123653,1.35411375834215,1.37728251077038,1.0681387949496,1.48115470025807,1.14440927292173,1.12789928282194,1.23057103491019,1.06601081577106
1.44664169079093,1.26960470488076,1.35544406810731,1.3782603216069,1.06864483176263,1.48184640458972,1.14476236597184,1.12809539647117,1.23059572958644,1.06633122117496
1.44742274198677,1.26998294385426,1.35686522982926,1.37954561894809,1.06892126752352,1.48232333140889,1.14514110700306,1.12830876301563,1.23059824097826,1.06666719161906
1.44827645476244,1.27012774980386,1.35802198220828,1.38093715552316,1.06889181626625,1.48270338882039,1.14549052928478,1.12857561262051,1.23071635743877,1.06692419443977
1.44916087242082,1.27026545552528,1.35881830870378,1.38207602306544,1.06859077661467,1.48304936472622,1.1458297214168,1.1289110814846,1.23105775013496,1.06700810475682
1.45417652012647,1.27271893389465,1.36111024846087,1.38410368722745,1.06733326760888,1.48602043907129,1.14705335073247,1.13090064537073,1.23464304794107,1.06722492587239
1.45783975692773,1.27413943780219,1.36249649135468,1.38876024793679,1.07154899253273,1.490432257343,1.14850637943232,1.13259220445877,1.236469959457,1.07093059556585
1.46181083360017,1.27805974595397,1.36703031474052,1.38863306447768,1.07229610917455,1.49444163474144,1.1523413413558,1.13444666339953,1.23850367599689,1.07051675986678
1.46617753816572,1.28127488954023,1.36906423931621,1.39194622229753,1.07423946918777,1.4980261876794,1.15397417141609,1.13585228061247,1.2403754402802,1.07263863819702
1.47032785109406,1.28454586672433,1.37360640817284,1.39745062413878,1.07657026522062,1.50279462218514,1.15568136362148,1.13709656515906,1.24232861040949,1.07159113885261
1.47111403762203,1.28713419266007,1.37572833054807,1.39909685710974,1.07836422823108,1.50577817007723,1.16027715493688,1.14028999668827,1.24387028971358,1.07248939203429
1.47776021931721,1.29076542118168,1.38060657794135,1.40123560977913,1.07909372658001,1.50886105354162,1.15981340800394,1.14021542133417,1.24448142914341,1.07513042366785
1.48063441587541,1.29151184026075,1.38271102575358,1.40509710087585,1.07990283510004,1.51249228249752,1.16321100483116,1.14273316644664,1.24880312295436,1.07555319929497
1.48442024480518,1.2959870158842,1.38737306281575,1.40776358795471,1.0816951875991,1.51828580825714,1.16630119297913,1.14553161550156,1.25058370145547,1.07769131871395
1.48951038826584,1.30072944710537,1.39062752248808,1.4110669265103,1.08340155544724,1.52105069959784,1.16832212802696,1.14797758077571,1.25404620794666,1.07912159077841
1.49469900333307,1.30416687903199,1.39346635701557,1.41531307163526,1.08539680097654,1.52384797175781,1.17067250059812,1.15055516290297,1.25800429953829,1.08063537581746
1.49975878106388,1.30845088784758,1.39809072545079,1.42003604979492,1.08796841408074,1.52889732942693,1.17389028725847,1.15279349884563,1.2606981869435,1.08284476235038
1.50519341574731,1.31298242551519,1.40327875484255,1.42534852129004,1.09101562726275,1.53601615844744,1.17745203629759,1.15523811402651,1.26307742752237,1.0850925993692
1.51126319517689,1.31799500893634,1.40729216728813,1.43059212891869,1.09397198958652,1.54368192639404,1.18123187044188,1.15860053697726,1.26692162995894,1.08813166022118
1.51765474730538,1.3226815102681,1.41091878195299,1.43555161778355,1.09646978025971,1.55012323773715,1.18575704898624,1.16277322444382,1.27147016401971,1.09137303067139
1.52244233469485,1.32678406829866,1.4155544490881,1.44036236263319,1.09892559013478,1.55472954022689,1.19061285289902,1.16640501280482,1.27531304394677,1.09456878761744
1.52683958680987,1.33099829739553,1.42113528868022,1.44529507529896,1.10114801070057,1.55823429231976,1.194661820179,1.16926368034738,1.27806639484299,1.09714856796222
1.53198017273713,1.33575988001961,1.42605765544366,1.44969670079886,1.10321475505412,1.56180858224138,1.19803119506656,1.17223529187657,1.28088689368147,1.09914939571098
1.53777183108759,1.34049146655433,1.43036707496938,1.45324494379174,1.10592483262286,1.5663499077638,1.20148213405215,1.17564565097247,1.2845786459556,1.10146563776784
1.54296131397434,1.34454331203199,1.43573898959798,1.45624056050932,1.10929253168433,1.57190951168197,1.20559435322369,1.17937375407391,1.28894445046673,1.10473696401634
1.54824068752205,1.34796914798204,1.44155606518483,1.45981893229489,1.11303689672381,1.57780262589709,1.20970555402436,1.18303310952939,1.29338692653359,1.10797584366031
1.55418441529816,1.35167737137537,1.44687492611584,1.46400161781944,1.11669616023991,1.58322609015236,1.21325050125005,1.18635457761116,1.29686944776064,1.11081199651773
1.56002434231438,1.35606688190595,1.45116293719456,1.46875710558082,1.12007627790363,1.58837130168091,1.2163983097983,1.18935019238891,1.3000496480122,1.11299167460154
1.56524596673198,1.36100080693492,1.45476248121883,1.47427871983277,1.1231629945198,1.59362116849836,1.21955953292868,1.19221151522143,1.30321520178051,1.11497909298493
1.57002965129879,1.36611199693582,1.45879203231823,1.47953406173417,1.12608105409391,1.59900398559321,1.22265426669211,1.19537147582437,1.30668785265522,1.11734652048573
1.57503211206908,1.37122739926847,1.4636872881414,1.48397622731076,1.12890873407951,1.60450597783587,1.22657980968793,1.19888565182479,1.3106370106866,1.12036410000882
1.58052205261083,1.37643927190161,1.46876958289735,1.48857341965073,1.13174987275743,1.61004375014376,1.23149235861942,1.2027287483392,1.31469965906902,1.12372591671333
1.5862166369209,1.38189266446555,1.47394689218751,1.49353320095465,1.1347191396069,1.61554309146286,1.23638584387779,1.2067722209413,1.31887684572822,1.12717553250317
1.59175700593795,1.38741038408129,1.47885512456638,1.49855942009303,1.13800236118695,1.62075086816297,1.24066629318116,1.21097918832293,1.32318915625371,1.13035473130401
1.5974014921996,1.39283232146421,1.4837552398882,1.50344005731228,1.14173867778425,1.62557097908867,1.24479809057437,1.21519477788808,1.32764655108166,1.13340654848804
1.60316695787854,1.39817854412571,1.48902714875214,1.50839359512735,1.14568584735123,1.63043683646007,1.24882868091503,1.2192596147202,1.33204681066947,1.13651076305612
1.60882025297387,1.40327652080002,1.49461683255301,1.51358790381941,1.14965608319239,1.63545831596955,1.25290593316511,1.2233169673145,1.33647677412176,1.1398460547497
1.61450917145971,1.40836954528907,1.50009231775599,1.51875439102025,1.15379634574927,1.64058926412944,1.25732532206795,1.2274917094424,1.3412386777097,1.14344913109791
1.62014891052341,1.41372640465631,1.50541480614304,1.52380016736235,1.1580113118139,1.64585438525595,1.2620432767645,1.23172127332373,1.34597575950248,1.14729203949943
1.62573810673965,1.41931528226595,1.51067387759921,1.52869978369325,1.16225383578751,1.65133268265912,1.26696293855968,1.23608402952035,1.35051453126329,1.15131818672846
1.63169052009423,1.42490930592821,1.51602987786027,1.5337101886907,1.16639025092591,1.65689571380141,1.27210829894123,1.24044285999493,1.35473856191079,1.15533114843251
1.63780868604609,1.43038353263282,1.52150482925426,1.53862277335873,1.17052006778765,1.66228408109029,1.27731482812356,1.24484024732999,1.35870886886177,1.15930722672913
1.64383485350636,1.43565845402255,1.52702404991255,1.54327421615119,1.17474394891176,1.66747143469345,1.28246377932526,1.24933900547285,1.36276071515167,1.16321585508085
1.64961464883062,1.44085953148835,1.53247747372448,1.54767458895241,1.17900079436085,1.67247889273345,1.28755922992307,1.25391151840528,1.36711854170824,1.16709113770707
1.65519467463926,1.44610165555772,1.53786037949778,1.55187235753652,1.1833425868161,1.67749177488574,1.29253010251319,1.25855681144364,1.37165569763914,1.17101277798746
1.66069436667461,1.45151626024305,1.5432519358206,1.55614459624369,1.18784524598976,1.68245900932772,1.29759226649799,1.26326044463888,1.37635581024104,1.17495769433903
1.6661150660261,1.45714455466009,1.54858535308082,1.56066514234269,1.19240208933872,1.68746854926332,1.30279134222833,1.26810329696693,1.38111122547172,1.17895988138133
1.67166287852451,1.46297729351932,1.55387353395048,1.56541639206151,1.1970162444198,1.6924735648196,1.30807754550143,1.2730873011524,1.38590502098453,1.18302380915604
1.67732153561176,1.46888535987113,1.55906081193309,1.57021664728278,1.20175393915771,1.69747296758775,1.31335966732689,1.27817383056107,1.39070315382122,1.1872125638103
1.68314385796064,1.47483585042182,1.56416599861988,1.57492018876557,1.20659510212826,1.70241548813184,1.31866507833198,1.28332978597163,1.39549905100038,1.19160938245732
1.68894881725636,1.48074391012434,1.56921134406694,1.57956624371206,1.21144486272205,1.70731618910434,1.32396763170807,1.28852434797775,1.40027411114028,1.1961450110917
1.6945925681918,1.4866690777898,1.57418667166702,1.58403947515576,1.21629197575216,1.71211966138631,1.32925218241316,1.29369224074963,1.40504954293275,1.20070343713317
1.70006440241747,1.49259754193114,1.57916603739922,1.58836783804475,1.22112354602457,1.71677540384228,1.33456811329128,1.29877504977393,1.40979890064096,1.205289808393
1.70533069038215,1.4984856768203,1.58415294960543,1.59256336081022,1.22599584878877,1.72133703969954,1.34000362540604,1.30380156590132,1.41455375199637,1.20993566676688
1.71049967407459,1.5043407313689,1.58912616597972,1.59668530325885,1.23093845181741,1.72584723386226,1.34561905036145,1.30885190132448,1.41930408926163,1.21460791315236
1.71565715408936,1.51013161473212,1.59409181792525,1.60084236823127,1.23599796733196,1.73030267779161,1.35133775178911,1.31393714295612,1.42405697127542,1.21927725013173
1.72082407783612,1.51592389616095,1.59905108975881,1.60508951797839,1.2411351419404,1.73468436277251,1.35709699588349,1.3190659540587,1.42878093853633,1.22388887241145
1.72593439966287,1.52171135136493,1.60393115521459,1.60931893784475,1.24631479391929,1.73893016951469,1.36287862326385,1.32416778573601,1.43343455056898,1.22846801628989
1.73091693222151,1.52749075769752,1.60869404804171,1.6135320320781,1.25147900071028,1.7430286121404,1.36867490383362,1.32927988037409,1.43805620707309,1.23299073682055
1.73586491403032,1.53325665892244,1.61332806623648,1.61768374038208,1.25665504256642,1.74703511958522,1.3744203931218,1.33443104442365,1.44263848492816,1.23745942056331
1.74069818520722,1.53894858276396,1.61781201964064,1.62177002142846,1.26178668905592,1.75090826807193,1.3800767968144,1.33961893753928,1.44719434662613,1.24197752297323
1.74542680146189,1.54454434241972,1.62217494248424,1.62579332233472,1.26684783990979,1.75463879451616,1.38557332826254,1.34485907451272,1.45167713319527,1.24651543484379
1.75004473968075,1.55001424129073,1.62644720207735,1.6297298669523,1.27185478263536,1.75825998774745,1.39089153292746,1.35007569854713,1.45603782485219,1.2510653452715
1.75452877618283,1.55538322134578,1.63068742351284,1.63351524570207,1.27683276561544,1.76176100519844,1.39610286034516,1.35520693481704,1.46026197105091,1.25568150835201
1.75890412679472,1.56074386427302,1.63486935439121,1.63715887190386,1.281835415383,1.76517371032443,1.40122143310108,1.36029445553229,1.46431988038244,1.26034329743528
1.76324101951399,1.56605288408993,1.63899756969182,1.6406460986157,1.28688049242272,1.76843536684828,1.40632936691049,1.3653220729832,1.46827770817517,1.26504260691488
1.7674590898477,1.57129890776799,1.64313921985104,1.64400548929873,1.29198385460497,1.77160019081409,1.4114892592349,1.3703197361187,1.47218040303667,1.26976445501559
1.77161620942454,1.57646607628751,1.64724126448545,1.64720391448109,1.29710922410814,1.77466663927914,1.41676284053851,1.37529779520068,1.47608185610755,1.27450306838488
1.77564168281977,1.58158968708707,1.65122759795479,1.65024532376405,1.3021872525044,1.77763226417594,1.4220784383851,1.38026092006381,1.47999735248465,1.27920612895911
1.77950479915396,1.58663460101553,1.65509452961903,1.65311199627197,1.30716932861945,1.78045116907843,1.42738211961824,1.38515137038271,1.48383588708529,1.28378676630562
1.78321187079436,1.59162863368237,1.65878795982307,1.65582439496383,1.31208155282215,1.78311286475514,1.4326926703926,1.3900328256449,1.48754764678303,1.28827838473634
1.7868053831497,1.59653367138986,1.66235704470992,1.65846618984695,1.3169742139869,1.78560587428396,1.43794530420185,1.3949733455818,1.49116109205997,1.29271765693325
1.79027480162723,1.60131768083832,1.66579776848121,1.6610086979529,1.32182596418781,1.78801076555908,1.44315142567768,1.39987013429417,1.49465777370814,1.29707231463595
1.79364729249945,1.60603613614864,1.66911684384998,1.66347706011947,1.32662176212142,1.79028594535535,1.44820307515465,1.40472939585653,1.49801280815652,1.30134493811098
1.79690873389168,1.61065428281127,1.67230140771129,1.66583419855271,1.33137093011465,1.7924206067018,1.45312879831882,1.40945450646884,1.50125093053626,1.30551464880564
1.80007279757673,1.61517807392228,1.67532567490391,1.66807175289325,1.33605757639986,1.7943698443071,1.4579352505965,1.41406963703103,1.50433882322324,1.30959515350569
1.8031036024263,1.61962780951296,1.67823649987905,1.67018096851891,1.34067884664866,1.79614430471151,1.46266331108691,1.41850905671354,1.50729963682235,1.31357045158136
1.80597641622346,1.62398508961795,1.68099844943335,1.67212294794313,1.345270741111,1.79773617031969,1.46728887360711,1.4227935046231,1.5101173926399,1.31743704069216
1.80868459419101,1.62822343449071,1.68361535123382,1.67391747810877,1.34977564916957,1.79919951179214,1.47183905378583,1.42697804040391,1.51278249818176,1.32123475381485
1.81123143990211,1.63237567848444,1.68609130612437,1.67553248222713,1.35425476253718,1.80049050610171,1.47630599160801,1.43108455297477,1.51536605398163,1.32501013217889
1.81363797969871,1.63642478776554,1.68841885297553,1.67697504882095,1.35868510000847,1.80164195512853,1.48068473047016,1.43517586899673,1.51785908401573,1.32875763849866
1.81587788087365,1.64032783566888,1.6906049377452,1.67827810507193,1.36299422255202,1.80267010993965,1.4849650068645,1.43922581566843,1.52023215538079,1.33249069915125
1.81800999705774,1.64411174304627,1.69261781429386,1.67945163714416,1.36715966814438,1.80360526493846,1.48915185048537,1.44316909484262,1.52253674073686,1.33618216692606
1.82003004615022,1.64775800947962,1.69444625194285,1.68047071058515,1.37115118447639,1.80440037381091,1.49322287488783,1.44697613849625,1.52471157815904,1.33974115566939
1.82191155240621,1.6512481823544,1.69609774081321,1.68133441739749,1.3750078757695,1.80508113204038,1.49718092140547,1.45062254613109,1.52674753859606,1.34314483247166
1.82365565719547,1.65459375347997,1.69761088780407,1.68205940610672,1.37874911935433,1.80565832543412,1.5009933665515,1.45411924836496,1.52862276205803,1.34640464736702
1.82524578335818,1.65777092815604,1.69901357911241,1.68263679368739,1.38241245281705,1.8060948715804,1.50468208308916,1.45754175081746,1.53034822283028,1.34953566869709
1.82672520994099,1.66074841510988,1.70027604052201,1.68307016842094,1.38593641934977,1.80639577334087,1.50826204314346,1.46088578524257,1.53192069872636,1.35250975885226
1.82807450615167,1.66357205794857,1.70142183327256,1.68334759826962,1.38936572315145,1.80655846240887,1.51174577484055,1.46409681237558,1.53332372904934,1.35525822545023
1.82931347621265,1.66625985588487,1.70245431501653,1.68351104422864,1.39271124038958,1.80658359083254,1.51511675949567,1.46719314859217,1.53459409601375,1.35784905762918
1.83046053632402,1.66879098040886,1.70339627700649,1.68355602755175,1.39598673406478,1.80645314504618,1.51836576742329,1.47015842991995,1.53571543586881,1.36035190742757
1.83152222145255,1.67124583377474,1.70418890755312,1.68347300567952,1.39917808325075,1.80616775586099,1.52143995693675,1.47302417835156,1.53667668081323,1.36275695984017
1.83247629052323,1.67367012231088,1.70479355489618,1.68329298711176,1.40227203990624,1.80572129337426,1.52437102736509,1.47577292758755,1.53748231175608,1.36507827970258
1.83332688425006,1.67599850650886,1.70525404169931,1.68300013676941,1.40525183251221,1.80515667749724,1.52715638104326,1.47841969987337,1.53813119389784,1.36732156431047
1.83408129269012,1.67824045987965,1.70556142424793,1.68257352058972,1.40810124901682,1.80447490682955,1.52987245504726,1.48099207894257,1.5386382509448,1.36946808393282
1.83473770897343,1.6803653793771,1.70570033947299,1.68205863816509,1.41080857938019,1.80368335283732,1.53250856536202,1.48345389602655,1.53899461122811,1.37143353954906
1.83530133686211,1.68234465167915,1.70571199853017,1.68141114630559,1.41335184160126,1.80280664288776,1.53498608992792,1.48574264865824,1.53919694622853,1.37325310147338
1.83574171063461,1.6842115387356,1.70558946752663,1.6806548582151,1.41571437798739,1.80185110048474,1.53732269687413,1.48787149849855,1.53926010681335,1.37496258330468
1.83609107238491,1.68596187392729,1.70531352652833,1.67977963203288,1.41791600726843,1.80082313402915,1.53954144072376,1.48981796691763,1.53919151961856,1.37649540389924
1.83633570486327,1.68755441817586,1.70491113885585,1.67879282291826,1.41996940377523,1.79976423147036,1.54156548992309,1.49158638619877,1.53900038857822,1.37785662984782
1.83646374344255,1.6890024063772,1.7044003232373,1.677702553045,1.42186984324903,1.79862841635116,1.54345820051833,1.49317003795739,1.53866779444103,1.37904195040401
1.83651394669788,1.69030608016077,1.70375394822528,1.67648539694313,1.42366961811295,1.79740269921601,1.54512419298748,1.49460018179042,1.53820919022073,1.3800369228257
1.83647242983562,1.69148289092675,1.70300181433976,1.67517089928731,1.42535073798974,1.7960812003859,1.54659579898447,1.49588045069469,1.53760843606358,1.3809090873289
1.83631134583859,1.6925484694175,1.70217571051058,1.67375008534662,1.42689186549981,1.79464887699404,1.5479187476358,1.49701785381715,1.53689144578027,1.38164352506759
1.83608204726344,1.69349015669882,1.70123886541224,1.67221301386178,1.42828021248578,1.79311406712577,1.54907654736762,1.49806998435573,1.53603318361971,1.38221093152747
1.83574310208501,1.6943528043718,1.70021947831867,1.67056136969137,1.42948007654011,1.7914211767201,1.55008911564847,1.49899017714354,1.53500725747868,1.38264819336196
1.8353389488583,1.69510309788217,1.69911399033887,1.66881460491544,1.43054558736208,1.78959227332824,1.55096677259561,1.49977458725565,1.53384365002175,1.38292725028284
1.8348533121657,1.69576109310883,1.69787643606038,1.66696687073862,1.43143380362641,1.78759316870949,1.55176349977371,1.50042261117176,1.53252693064399,1.38304366158199
1.83427485213196,1.69632676090014,1.69656283824247,1.66498823906748,1.43218486328244,1.78550018766489,1.5524726710913,1.50096409068075,1.53106770706274,1.38303287552132
1.83359096267844,1.69678616279686,1.6951648152346,1.66288837560213,1.43277923358644,1.78333015015291,1.55309402044319,1.50140741871448,1.52950421464902,1.38289083306685
1.83277913023794,1.6971616908202,1.69365441044983,1.66071860473748,1.43324501643287,1.78112024541277,1.55360899542062,1.50174499176917,1.52784892346631,1.38265854576707
1.83187989699197,1.69738968168095,1.69207873996375,1.65850317973893,1.43356505341477,1.77889354351518,1.55400194138236,1.50200180925346,1.5260734668904,1.38229177671124
1.83088066078916,1.69751819531165,1.69040547917515,1.65625724294755,1.4337542058832,1.77662001665196,1.55425325853419,1.50215114119065,1.52419192632869,1.381814472486
1.82981215293743,1.69754547882913,1.68860439621453,1.65395328650266,1.43379456963465,1.77433388177963,1.55437764576625,1.50220735909768,1.52222944165822,1.38121914372219
1.82870286564254,1.69747272104365,1.68671210543862,1.65156699778176,1.43374061334794,1.77203295546767,1.55436302535528,1.5021418380506,1.52017275729673,1.38051876814184
1.8275634986272,1.69729443053077,1.68472589276591,1.64905972218559,1.43356869209064,1.7697130335647,1.55424827961911,1.50194131955398,1.51803325309379,1.37971425018823
1.82640392360755,1.69703062130041,1.68268637180397,1.64648162058641,1.43331176485986,1.76734109237385,1.55401431963397,1.50164783404936,1.51581960082815,1.37879619052924
1.82519447142152,1.69668503170547,1.68054875990466,1.64383550021374,1.43295627555439,1.76488413786591,1.553685173132,1.50117764853088,1.51349898419349,1.37774604534789
1.82390243639652,1.69627581345955,1.67834867541904,1.64109922362831,1.43251373274022,1.76240808280893,1.55324427851088,1.50058886705309,1.51111748946861,1.376577552436
1.82253899217346,1.69578571153759,1.67607723387335,1.63831978711392,1.43196595179649,1.75982904959434,1.5527304900598,1.49989448487338,1.50870456580966,1.37528623249866
1.82109987453795,1.69522534785341,1.67374421410235,1.63548275987357,1.43133262205978,1.75711631750514,1.55212620981561,1.49908517688096,1.50619496948641,1.37386764063188
1.81959912070415,1.69458349616837,1.67135589567315,1.63256992313636,1.43054690811097,1.75424137569798,1.55138839019817,1.49820204187327,1.50362732869809,1.37232157946775
1.81802928071585,1.69383969780703,1.66888416003008,1.62961313774768,1.42963035604689,1.75119272157195,1.55053596840512,1.49720225221132,1.50097424419053,1.3706466215247
1.81637657512183,1.6930177367467,1.66629340049059,1.62660112961311,1.4285877064742,1.74803134606193,1.54958756773429,1.49610606590376,1.49819342625086,1.36883313533122
1.8146326251232,1.69210256813163,1.66361096366204,1.62350271615548,1.42744863404297,1.74487359668708,1.54853314855858,1.49490716762445,1.49532628460091,1.36690906448757
1.81280882945312,1.69106491684288,1.66084327236801,1.62034279117653,1.42619304389655,1.74171300016011,1.54736282398701,1.49364625740905,1.49234287567976,1.36486445314425
1.81087530829871,1.68994993374408,1.65801942281285,1.617103024123,1.42485934826636,1.73858634869698,1.54608206180541,1.49235183877396,1.48921350746693,1.36273804885443
1.80885568825185,1.68875210360666,1.65510291311573,1.61375300698069,1.42346821934314,1.73542430474725,1.54470468048005,1.49095883521983,1.48597756832992,1.36053538643539
1.80680857515726,1.68749541001312,1.65212742495147,1.61034732571807,1.42199043541948,1.73218369572496,1.54324625146387,1.48954564742109,1.48265774792757,1.35833442706131
1.80470939867899,1.68616723584141,1.64911585184115,1.60689585463315,1.42042164141274,1.72884412370602,1.54166829992374,1.4880404746086,1.47930529342898,1.35603025664894
1.80254701700707,1.68478819639492,1.64608816368528,1.60336147009916,1.41872531262586,1.7254594925996,1.54001234217554,1.48643627800761,1.47588570149046,1.35364077559607
1.80036323836744,1.6833702371107,1.64302265650202,1.59977340724373,1.41691038491982,1.72201369747266,1.5382827616316,1.4847403962797,1.4724295340673,1.35109613823997
1.7981431077538,1.68188905249589,1.63989143980665,1.59617352337038,1.41500450970587,1.71855687123126,1.53652788847863,1.48294188592215,1.46893064377802,1.34846849569581
1.7958439539022,1.6803428560752,1.63661694921909,1.5925177717463,1.41301711148527,1.71505561370908,1.534710662201,1.48101308625783,1.46537861653942,1.34576042662938
1.79348515683987,1.67872904138,1.6332919867354,1.58880520778972,1.41092552061624,1.71148974060805,1.53284272156297,1.47899451439065,1.46178306838311,1.34296653976739
1.79109567531207,1.67704090143774,1.62991852893003,1.58503241680395,1.40876624523092,1.70784826351645,1.53087734226606,1.47691590065998,1.4581304977541,1.34017471034369
1.78863315401706,1.6752957440854,1.62652224460575,1.58122745556882,1.40652145155838,1.70412071104476,1.52891729543488,1.4748027787617,1.45440092300215,1.33735573709792
1.78608815453973,1.67345594921837,1.62301357712192,1.57740663656047,1.40421589126228,1.70024756625074,1.52690843338456,1.47264174555305,1.45061547617762,1.33446898076474
1.78346077974937,1.67154986217986,1.61945472169573,1.57351571826282,1.40187160801126,1.69628371700222,1.52480708191132,1.47038835600098,1.44677950545123,1.33148459617036
1.78073455682183,1.66958022014137,1.61589350192108,1.56953005556066,1.39944910377743,1.69238433038341,1.52260641661356,1.46806309017452,1.4428902701842,1.32837724994183
1.77796837009496,1.66757132414768,1.61227956214581,1.56547571596106,1.39692438100505,1.68851145113457,1.52032214943286,1.46565771082083,1.43891761946167,1.32518142055059
1.77520488341503,1.66548152899058,1.60860618639649,1.56133209816295,1.39435971635848,1.68459834376602,1.51793103085159,1.46317012847024,1.43487653481847,1.32190052638392
1.77239965674614,1.66330884935402,1.6048264182828,1.55709604931718,1.39172980361772,1.68056266742877,1.51541785679029,1.46064912959674,1.43076045369225,1.31857400407504
1.7695996625788,1.66108702985409,1.60093514806621,1.55273660937013,1.38900735585673,1.67635314951018,1.51281816922089,1.45808460476891,1.42653754418019,1.31518899513444
1.7667473847776,1.6587724205151,1.59696374495486,1.5483021805718,1.38622193758339,1.6720423637755,1.51009146646989,1.45538443761835,1.42220729219642,1.31169684947642
1.76382515949875,1.65639277481939,1.59291041289578,1.54380588489565,1.38341284510527,1.66766930360933,1.50730604135283,1.45263466858999,1.41781405113671,1.30811513902656
1.76087732133789,1.6539637057666,1.58884094030351,1.53930024480562,1.38059238734555,1.66327345485385,1.50447377023203,1.44983476330198,1.41330495144133,1.3044895354069
1.75782751086669,1.65144462520408,1.58472676302286,1.53476663423194,1.37771414108905,1.65885002963378,1.50161712618661,1.44696883851046,1.40876855276573,1.30080704484857
1.75463753325381,1.64885862702865,1.58056200516184,1.53021713749913,1.37475235421757,1.65435544379394,1.49875141840721,1.44402737091952,1.4042056432583,1.29710722223052
1.75137524120711,1.64622309377047,1.57634081328702,1.52561929110401,1.37166569529975,1.64979433803815,1.49586756681623,1.44101735540744,1.39965532861002,1.293368071121
1.74804269254536,1.64352942643065,1.57205023705548,1.52094584642002,1.36850166425098,1.64518575947402,1.49291171372016,1.43793273669055,1.39505355896683,1.28955966734865
1.74468388044968,1.64081577670282,1.56767369955543,1.51619613534728,1.36522592125192,1.6405205934314,1.48983664331542,1.43479147551547,1.39043574649204,1.28569909443793
1.7412495146253,1.63806970142071,1.56320922310699,1.51143426597454,1.36181394054976,1.63584031756864,1.48667840824053,1.43159652688377,1.38579869024012,1.28176664026824
1.73771104007734,1.63527144160249,1.55864873577377,1.50670244348037,1.35826751721895,1.63127261435672,1.48341195430101,1.42842534682482,1.38109329047723,1.27770844343638
1.73404238654603,1.63246402595485,1.55407770556561,1.50206452080526,1.35458948438892,1.62689732498342,1.48004058143721,1.42536681293761,1.37638578356107,1.27350909765944
